1,_,是正品,整体,正面
1,_,勾称白嫩,整体,正面
1,_,不错,整体,正面
2,_,不是,整体,负面
2,_,喜欢的,整体,负面
2,颜,_,气味,中性
2,色,明,功效,正面
2,_,显,整体,负面
3,_,挺细腻的,整体,正面
4,_,还行,整体,正面
5,_,不错,整体,正面
6,_,很细腻,整体,正面
6,_,贴合肤色,整体,正面
6,_,亮,整体,正面
6,_,很好,整体,正面
7,_,特别好用,整体,正面
7,_,很喜欢,整体,正面
8,_,好评,整体,正面
9,_,还可以,整体,正面
10,_,不错,整体,正面
11,_,不错,整体,正面
11,_,很清爽,整体,正面
11,_,水润,整体,正面
11,_,很清爽,整体,正面
11,_,水润,整体,正面
12,包装一,般,包装,中性
12,_,还行,整体,正面
13,_,一般般,整体,中性
14,_,不错,整体,正面
15,物流速度,快,物流,正面
15,包装,很不爽,包装,负面
16,_,没以,整体,负面
16,_,好用,整体,负面
17,发货速度,快,物流,正面
18,_,很喜欢,整体,正面
18,_,很好用,整体,正面
19,_,很好,整体,正面
19,_,不错,整体,正面
19,_,给力,整体,正面
19,_,大赞,整体,正面
19,_,喜欢,整体,正面
20,_,自然,整体,正面
20,_,不油腻,整体,正面
21,_,挺好用的,整体,正面
21,_,好评,整体,正面
22,_,很,整体,正面
22,_,比,整体,正面
22,_,..,整体,正面
23,_,很不错,整体,正面
23,_,很贴肤,整体,正面
23,_,细腻,整体,正面
24,_,不错,整体,正面
25,_,优惠,整体,正面
26,_,很好用,整体,正面
26,_,太贵了,整体,正面
26,_,有点干,整体,负面
27,_,真心不错,整体,正面
28,_,较慢,整体,负面
28,_,油腻,整体,正面
28,_,一般,整体,正面
29,_,很好用,整体,正面
29,_,很温和,整体,正面
30,_,还可以,整体,正面
30,_,自然,整体,正面
31,_,非常好,整体,正面
32,_,卸,整体,正面
32,妆,干净,功效,正面
32,_,给个好评,整体,正面
33,_,好用,整体,正面
34,_,快,整体,正面
34,_,很好,整体,正面
34,_,不错,整体,正面
35,_,不合,整体,负面
35,_,有刺激,整体,正面
35,_,痒,整体,正面
35,_,很不舒服,整体,正面
36,快递,很快,物流,正面
37,速度,很快,物流,正面
37,_,很划算,整体,正面
38,_,很水润,整体,正面
38,包装,不错,包装,正面
39,物流,很快,物流,正面
39,快递小哥服务,很好,物流,正面
41,_,水水的,整体,正面
41,_,很好用,整体,正面
41,_,不紧绷了,整体,正面
42,_,般,整体,中性
43,_,挺好用的,整体,正面
43,酒精味,重,气味,负面
44,_,很喜欢,整体,正面
45,_,很好,整体,正面
46,_,还可以,整体,正面
47,_,非常不错,整体,正面
47,_,没有刺鼻,整体,正面
47,味道,很温和,气味,正面
48,_,还行,整体,正面
48,_,不错,整体,正面
49,发货,没有,物流,负面
49,料袋包,太垃圾了,包装,负面
49,_,不值,整体,负面
50,_,有,整体,正面
50,_,淡淡的,整体,正面
50,香味,还不错,气味,正面
51,_,不错,整体,正面
52,_,好用,整体,正面
52,_,显白,整体,正面
52,_,不油腻,整体,正面
53,价格,挺便宜,价格,正面
54,_,不,整体,正面
54,快递速度,快,物流,正面
54,快递小哥,点赞,物流,正面
55,_,很不错,整体,正面
55,_,实惠,整体,正面
56,_,很喜欢,整体,正面
57,_,不怎么好用,整体,负面
58,_,亲肤柔和,整体,正面
58,_,满意,整体,正面
60,_,非常好,整体,正面
60,_,很滑,整体,正面
60,_,很嫩,整体,正面
61,_,好,整体,正面
62,_,好用,整体,负面
62,_,是,整体,负面
62,_,象,整体,负面
63,_,特别合适,整体,正面
64,_,很适合,整体,正面
64,_,不错,整体,正面
65,_,不错,整体,正面
66,物流,很快,物流,正面
66,_,还可以,整体,正面
68,物流,非常快,物流,正面
68,包装,不错,包装,正面
69,快递,是给力,物流,正面
70,_,还可以,整体,正面
71,_,保湿,整体,正面
71,_,滋润,整体,正面
71,_,挺好的,整体,正面
72,包装,很,包装,正面
72,_,一般,整体,负面
73,_,过,整体,负面
73,_,敏,整体,正面
73,_,长红,整体,负面
74,_,不怎么滴,整体,负面
75,_,真心不错,整体,正面
75,活动,非常划算,价格,正面
75,_,有好,整体,正面
75,_,温和,整体,正面
75,_,不刺激,整体,正面
76,_,很好用,整体,正面
77,_,好评,整体,正面
78,价格,便宜,价格,正面
78,性价比,高,价格,正面
78,包装,不错,包装,正面
78,_,还可以,整体,正面
79,包装,很好,包装,正面
79,快递,快,物流,正面
80,_,还不错,整体,正面
80,补水效果,_,功效,中性
81,_,很好用,整体,正面
82,_,不错,整体,正面
82,物流,很快,物流,正面
83,_,行,整体,正面
84,_,还不错,整体,正面
85,设计,很喜欢,价格,正面
86,_,很好用,整体,正面
86,修复得,很好,功效,正面
86,_,滑,整体,正面
86,_,超喜欢,整体,正面
87,速度,很快,物流,正面
87,_,水润润,整体,正面
87,_,好评,整体,正面
88,_,很温和,整体,正面
88,_,很清爽,整体,正面
88,_,不紧绷,整体,正面
88,_,很划算,整体,正面
89,_,非常好用,整体,正面
90,_,不错,整体,正面
91,_,挺好的,整体,正面
91,_,不错,整体,正面
92,_,不是很喜欢,整体,负面
92,味道,_,气味,中性
93,_,很好用,整体,正面
93,味道,特别好闻,气味,正面
93,_,很细腻,整体,正面
94,价格,优惠,价格,正面
94,_,满意,整体,正面
95,_,挺好的,整体,正面
96,_,特别滑,整体,正面
96,精,_,物流,中性
96,华液,挺多,成分,正面
96,_,好评,整体,正面
97,包装,精美,包装,正面
97,价格,实惠,价格,正面
98,_,很不错,整体,正面
98,_,非常喜欢,整体,正面
98,品,_,价格,中性
98,快递,给力的,物流,正面
99,补水效果,较好,功效,正面
100,补水效果,特别好,功效,正面
100,_,特别水润,整体,正面
101,性价比,高,价格,正面
101,_,还可以的,整体,正面
102,味道,淡淡的,气味,正面
102,_,不油腻,整体,正面
102,包装,_,包装,中性
103,_,很喜欢,整体,正面
103,_,水水的,整体,正面
104,_,可以,整体,正面
104,_,便宜实惠,整体,正面
105,_,还可以,整体,正面
106,_,好,整体,正面
106,活动,超级好用,价格,正面
107,_,很不错,整体,正面
108,_,不错,整体,正面
109,_,很好用,整体,正面
109,送货,快,物流,正面
110,味道,_,气味,中性
111,_,还不错,整体,正面
111,性价比,很高,价格,正面
112,_,是正品,整体,正面
112,香,_,气味,中性
112,味,浓郁,功效,正面
112,遮瑕效果,非常好,功效,正面
113,保湿效果,不错,功效,正面
113,_,挺好用的,整体,正面
114,_,非常好用,整体,正面
115,_,很好用,整体,正面
117,_,无流,整体,正面
117,_,很快,整体,正面
117,_,挺好的,整体,正面
118,价格,合适,价格,正面
118,_,不贵,整体,正面
119,_,是正品,整体,正面
119,性价比,最高,价格,正面
119,_,很好用,整体,正面
119,物流,很快,物流,正面
120,_,挺好的,整体,正面
120,_,不错,整体,正面
121,_,挺好的,整体,正面
122,味道,好闻,气味,负面
122,赠品,_,价格,中性
123,_,可以,整体,正面
124,_,很好用,整体,正面
125,_,好用,整体,正面
125,_,好用,整体,正面
125,_,不贵,整体,正面
126,_,不错,整体,正面
126,_,的,整体,正面
126,_,好用,整体,正面
127,_,好用,整体,正面
128,_,还可以,整体,正面
129,_,吸收,整体,负面
130,_,物美价廉,整体,正面
130,发货,快,物流,正面
130,_,很漂亮,整体,正面
131,活动,_,价格,中性
132,_,不好,整体,负面
133,_,般,整体,中性
133,快递,慢,物流,正面
134,物流,快,物流,正面
135,赠品,_,价格,中性
135,价格,_,价格,中性
136,_,好用,整体,正面
136,_,超级好用,整体,正面
136,_,非常适,整体,正面
136,_,不干了,整体,正面
136,_,很舒服,整体,正面
137,_,不紧水份多,整体,正面
137,价格,便宜,价格,正面
138,_,超级补水,整体,正面
138,_,超级划算,整体,正面
138,_,五星好评,整体,正面
139,_,直,整体,正面
140,送货,快,物流,正面
141,_,很好用,整体,正面
141,补水效果,很好,功效,正面
141,_,滋润,整体,正面
141,_,服帖,整体,正面
142,_,很喜欢,整体,正面
142,补水,特别好,功效,正面
143,_,挺实惠,整体,正面
143,_,蛮好用,整体,正面
143,_,很滋润,整体,正面
144,物流,很快,物流,正面
144,_,很好用,整体,正面
144,赠品,多,价格,正面
145,物流,杠杠的,物流,正面
145,包装,不错,包装,正面
146,_,特别轻薄,整体,正面
146,_,透气补水,整体,正面
147,_,还可以,整体,正面
148,补水效果,特别好,功效,正面
149,效果,还可以,功效,正面
149,吸收效果,不是太好,功效,负面
150,_,很好,整体,正面
150,增白的效果,补水的,功效,正面
151,_,好评,整体,正面
152,_,不是太喜欢,整体,负面
153,_,超级不错,整体,正面
153,_,细腻不起块,整体,正面
153,配送员服务,超好,物流,正面
153,_,点赞,整体,正面
154,_,干,整体,负面
154,_,搓泥,整体,正面
155,_,经济,整体,正面
155,_,实惠,整体,正面
155,送货,快,物流,正面
155,送货速度,_,物流,中性
156,_,很好用,整体,正面
158,遮暇力度,不够,功效,正面
158,_,不油腻,整体,正面
158,上妆,服帖,功效,正面
158,性价比,超高,价格,正面
159,_,是正品,整体,正面
160,_,不错,整体,正面
161,_,很好用,整体,正面
161,_,很实惠,整体,正面
162,_,挺好,整体,正面
162,物流,很快,物流,正面
162,价格,实惠,价格,正面
163,_,挺好用的,整体,正面
163,卸妆,很温和,功效,正面
163,_,很清爽,整体,正面
163,_,不伤皮肤,整体,正面
164,包装,湿了,包装,负面
164,_,十分不好,整体,负面
165,_,很喜欢,整体,正面
165,物流速度,不错,物流,正面
166,_,挺好用的,整体,正面
167,_,非常不错,整体,正面
167,_,实惠,整体,正面
168,_,挺好用的,整体,正面
168,_,挺滋润的,整体,正面
169,_,好评,整体,正面
169,_,好用,整体,正面
171,_,不怎么好,整体,负面
172,吸,_,物流,中性
172,收,快,价格,正面
172,_,超级滋润,整体,正面
172,活动,给力,价格,正面
173,包装,捡漏,包装,负面
173,_,不送,整体,负面
174,_,不错,整体,正面
174,_,很好闻,整体,正面
174,_,很好,整体,正面
176,_,有点点卡粉,整体,负面
176,_,不咋个遮瑕,整体,负面
177,_,一如既往的好,整体,正面
178,_,挺满意,整体,正面
178,_,还不错,整体,正面
178,补水效果,有点紧绷,功效,负面
179,_,物超所值,整体,正面
179,_,超快,整体,正面
180,_,容易,整体,正面
180,_,开,整体,负面
180,_,不油腻,整体,正面
181,_,很好,整体,正面
181,_,不过敏,整体,正面
181,_,很保湿,整体,正面
181,_,不油腻,整体,正面
182,_,还不错,整体,正面
182,_,遮盖红血,整体,正面
182,_,挺干的,整体,正面
183,_,很好用,整体,正面
183,_,是正品,整体,正面
184,_,不错,整体,正面
184,_,比较优惠,整体,正面
185,_,应该不错,整体,正面
185,_,可以呢,整体,正面
186,物流速度,就是快,物流,正面
186,_,非,整体,正面
186,_,不错,整体,正面
187,保湿效果,很好,功效,正面
188,_,特别好用,整体,正面
189,_,很滋润,整体,正面
189,_,不脱妆,整体,正面
189,_,挺好用的,整体,正面
190,价格,合适,价格,正面
190,_,不错,整体,正面
191,_,很不错,整体,正面
192,_,很好用,整体,正面
193,_,不错,整体,正面
194,泡泡,不是很多,功效,负面
194,气味,很好闻,气味,正面
194,_,淡淡的,整体,正面
194,_,清香,整体,正面
196,包装盒子,没有,包装,负面
197,_,还行,整体,正面
198,_,还可以,整体,正面
198,_,不紧绷,整体,正面
199,物流,很快,物流,正面
199,_,很满意,整体,正面
200,补水,可以,功效,正面
201,_,很不错赞,整体,正面
201,_,很喜欢,整体,正面
201,送货速度,快,物流,正面
201,_,棒棒的,整体,正面
202,_,很喜欢,整体,正面
203,_,挺好的,整体,正面
203,物流,挺快的,物流,正面
203,_,好评,整体,正面
204,_,还可以,整体,正面
205,_,很好,整体,正面
205,_,贴肤,整体,正面
205,_,不卡粉,整体,正面
206,_,很精美,整体,正面
207,_,很喜欢,整体,正面
208,_,挺好用,整体,正面
208,味道,香香的,气味,正面
208,_,很滑,整体,正面
208,_,很舒服,整体,正面
208,_,好评,整体,正面
209,_,好,整体,正面
209,速度,快,物流,正面
209,_,放心,整体,正面
210,_,贵,整体,正面
210,活动,给力,价格,正面
211,补水效果,特别好,功效,正面
211,_,很喜欢,整体,正面
212,_,假,整体,负面
212,沫,没有,功效,负面
213,_,不好,整体,负面
214,_,不错,整体,正面
215,_,非常好用,整体,正面
215,_,很干净,整体,正面
216,_,很好用,整体,正面
216,_,不油腻,整体,正面
216,_,快,整体,正面
217,_,不错,整体,正面
217,快递,超级给力,物流,正面
218,_,很好用,整体,正面
218,成,_,价格,中性
218,分,安全,物流,正面
218,活动,很惊喜,价格,正面
218,赠品,_,价格,中性
218,颜值,在线,价格,正面
219,包装,挺好看的,包装,正面
219,快递小哥,_,物流,中性
220,_,不错,整体,正面
220,_,喜欢,整体,正面
221,_,很便宜,整体,正面
223,_,好用,整体,正面
225,_,很好,整体,正面
226,_,好好用,整体,正面
226,_,很方便,整体,正面
227,速度,飞快,物流,正面
227,_,大爱,整体,正面
228,_,光滑,整体,正面
229,_,不过敏,整体,正面
229,_,很好用,整体,正面
230,物流快,真心不错,物流,正面
231,_,很好,整体,正面
231,物流,很快,物流,正面
231,价格,便宜,价格,正面
232,_,物超所值,整体,正面
232,_,好评,整体,正面
233,_,好,整体,正面
234,_,还好,整体,正面
235,_,水润,整体,正面
235,_,轻薄,整体,正面
235,_,比较保湿,整体,正面
236,_,挺好,整体,正面
237,_,买贵,整体,正面
238,吸收,很好,功效,正面
238,_,很喜欢,整体,正面
239,_,不错,整体,正面
240,补水,还可以,功效,正面
240,精,_,物流,中性
240,华液,很多,成分,正面
240,_,不错,整体,正面
241,_,便宜,整体,正面
243,_,不错,整体,正面
243,_,非常好用,整体,正面
244,送货,_,物流,中性
244,速度,算,物流,正面
244,_,是,整体,正面
244,_,快,整体,正面
245,服务,很好,价格,正面
245,性价比,高,价格,正面
245,_,很不错,整体,正面
246,_,还不错,整体,正面
247,_,很美白,整体,正面
247,味道,很舒服,气味,正面
247,_,很喜欢,整体,正面
247,_,大爱,整体,正面
248,_,挺好的,整体,正面
248,_,滋润,整体,正面
248,_,不油腻,整体,正面
249,_,不错,整体,正面
250,_,挺好用的,整体,正面
250,_,很服帖,整体,正面
250,_,自然,整体,正面
251,_,过敏,整体,正面
251,_,红点红斑,整体,负面
251,_,非,整体,正面
251,_,常痛,整体,负面
252,务,_,价格,中性
253,_,一,整体,正面
253,_,般,整体,中性
253,_,用,整体,正面
253,_,纯补水,整体,正面
254,_,挺好用的,整体,正面
254,_,薄薄的,整体,正面
254,_,很敷,整体,正面
254,精华,好多,包装,正面
255,_,方便,整体,正面
255,_,快捷,整体,正面
255,_,不错,整体,正面
255,活动,不给力,价格,正面
256,_,好,整体,正面
257,_,常,整体,正面
257,_,非常的,整体,正面
257,_,好用,整体,正面
258,_,好小一,整体,负面
260,_,好用,整体,正面
260,_,特便宜,整体,正面
261,_,好评,整体,正面
261,_,好用,整体,正面
262,_,所,整体,正面
263,_,不好的,整体,负面
264,_,还可以,整体,正面
265,_,还可以,整体,正面
265,_,有,整体,负面
265,_,干,整体,负面
265,_,提亮,整体,正面
265,肤色,有点暗淡,功效,负面
266,_,好用,整体,正面
266,_,便宜,整体,正面
266,_,简单通透,整体,正面
267,_,不错,整体,正面
268,味道,很奇怪,气味,正面
268,油漆味,简直,气味,正面
268,_,辣眼睛,整体,正面
269,_,很滋润,整体,正面
269,_,好多,整体,正面
269,精,_,包装,中性
269,华,特别喜欢,气味,正面
270,_,好的很,整体,正面
270,_,很喜欢,整体,正面
270,_,很滋养,整体,正面
270,_,美美哒,整体,正面
271,物流,很快,物流,正面
271,包装,完好,包装,正面
271,务,好,价格,正面
271,_,意,整体,正面
272,_,不错,整体,正面
272,活动,合适价格,价格,正面
272,_,优惠,整体,正面
272,补水效,_,功效,中性
273,_,挺好用的,整体,正面
273,_,淡淡的,整体,正面
273,香味,脱,气味,正面
274,_,很好用,整体,正面
275,_,超,整体,正面
275,_,级差,整体,负面
276,_,很舒服,整体,正面
276,补水效果,很好,功效,正面
277,_,稳和,整体,正面
277,_,不是那,整体,负面
277,_,细腻,整体,正面
277,泡泡,_,功效,中性
277,果,很一般,功效,正面
278,_,正品,整体,正面
278,_,实惠,整体,正面
278,快递,很快,物流,正面
278,_,满意,整体,正面
279,_,真的不错,整体,正面
279,_,是正品,整体,正面
280,味道,清淡水的,气味,正面
280,泡沫,很细腻,功效,正面
280,_,过敏,整体,正面
280,_,怎.,整体,正面
281,_,正品,整体,正面
281,_,特别省,整体,正面
281,_,水,整体,正面
281,_,水润润,整体,正面
282,活动,超级划算,价格,正面
282,包装,好看,包装,正面
283,_,差,整体,负面
284,_,还不错,整体,正面
285,_,挺好用的,整体,正面
286,_,挺好的,整体,正面
287,物流,很快,物流,正面
287,_,棒棒哒,整体,正面
288,_,挺好用的,整体,正面
289,_,真品,整体,正面
290,补水效果,很好,功效,正面
291,_,很好用,整体,正面
292,_,不错,整体,正面
292,_,非常清爽,整体,正面
292,_,舒服,整体,正面
294,_,很多,整体,负面
295,_,很好用,整体,正面
296,_,还可以,整体,正面
297,赠品,最优惠,价格,正面
298,_,不错,整体,正面
298,_,很服帖,整体,正面
298,物流,很快,物流,正面
299,_,很,整体,正面
299,价格,小贵一些,价格,正面
300,_,不,整体,正面
300,_,干燥,整体,负面
300,_,滑滑的,整体,正面
301,_,真好,整体,正面
302,_,不错,整体,正面
302,_,很舒服,整体,正面
303,_,不错,整体,正面
303,_,好评,整体,正面
304,_,很喜欢,整体,正面
304,礼品,_,价格,中性
305,_,比较实惠,整体,正面
306,_,很好用,整体,正面
307,_,不错,整体,正面
308,快递,真快,物流,正面
308,_,很满意,整体,正面
309,_,太少了,整体,负面
310,_,不错,整体,正面
310,_,很好用,整体,正面
311,_,很香,整体,正面
311,_,很白,整体,正面
311,_,还可以,整体,正面
312,_,不错,整体,正面
312,遮瑕效果,提亮肤色,功效,正面
313,_,有点小过份了,整体,负面
314,_,还不出错,整体,正面
314,_,挺好,整体,正面
314,_,算满意,整体,正面
314,_,相当实惠,整体,正面
315,_,很好,整体,正面
316,_,差评,整体,正面
316,_,太小了,整体,负面
316,精华,太少了,包装,负面
317,上妆效果,还可以,功效,正面
318,_,是正品,整体,正面
318,价格,_,价格,中性
318,赠品,_,价格,中性
319,_,很好,整体,正面
319,_,保湿,整体,正面
319,_,不错,整体,正面
319,价格,合适,价格,正面
321,_,物美价廉,整体,正面
322,包装,很好看,包装,正面
323,补水效果,很好,功效,正面
323,_,很薄,整体,正面
324,价格,太高,价格,正面
325,保湿效果,很好,功效,正面
326,_,很喜欢,整体,正面
326,_,很高,整体,正面
327,_,不错,整体,正面
327,_,挺好用的,整体,正面
328,_,不错,整体,正面
329,_,真的不错,整体,正面
330,_,很服帖,整体,正面
330,_,超服帖,整体,正面
331,_,很不错,整体,正面
331,_,有点淡,整体,负面
332,_,提亮肤色,整体,正面
332,_,不油腻,整体,正面
332,_,清新的,整体,正面
333,味道,好闻,气味,正面
333,保湿效果,好,功效,正面
334,_,不错,整体,正面
334,速度,很快,物流,正面
336,_,很好,整体,正面
336,物流,给了,物流,正面
336,_,不错,整体,正面
337,价钱,_,价格,中性
337,速度,要快,物流,正面
338,_,有点干,整体,负面
339,_,不错,整体,正面
339,送货,很快,物流,正面
340,_,很好,整体,正面
340,_,很喜欢,整体,正面
341,_,粉粉,整体,正面
341,_,嫩嫩的,整体,正面
341,_,很适合,整体,正面
341,_,非常滋润,整体,正面
341,_,点,整体,正面
341,_,不干也,整体,正面
341,_,不油腻,整体,正面
341,_,很自然,整体,正面
342,泡沫,很多,功效,正面
342,_,不干,整体,正面
342,_,挺滋润的,整体,正面
342,_,超级划算,整体,正面
343,_,很实惠,整体,正面
343,发货速度,快,物流,正面
343,_,很实惠,整体,正面
343,发货速度,快,物流,正面
344,_,和,整体,正面
344,_,不紧绷,整体,正面
344,_,最大的好处,整体,正面
346,_,非常平价,整体,正面
346,补水,不错,功效,正面
348,_,还可以,整体,正面
348,_,还不错,整体,正面
349,_,白,整体,负面
349,_,白的,整体,正面
349,_,掉皮,整体,负面
349,_,效,整体,负面
350,_,还不错,整体,正面
351,_,没什么,整体,负面
352,_,很不错,整体,正面
353,_,算可以,整体,正面
355,味道,很好闻,气味,正面
355,_,还好,整体,正面
356,_,还不错,整体,正面
356,_,挺好用,整体,正面
356,价格,实惠,价格,正面
357,保湿效果,非常好,功效,正面
358,_,不错,整体,正面
359,_,很薄,整体,正面
359,_,很水润,整体,正面
359,_,不过敏,整体,正面
359,_,方便快捷,整体,正面
360,_,可以,整体,正面
360,_,不错,整体,正面
360,_,很清爽,整体,正面
360,_,不油腻,整体,正面
361,_,淡淡,整体,正面
361,味道,不辣眼睛,气味,正面
361,_,挺好用的,整体,正面
362,_,好用,整体,负面
363,_,还是不错,整体,正面
364,补水效果,非常好,功效,正面
365,快递,很给力,物流,正面
366,_,还可以,整体,正面
367,_,挺好的,整体,正面
367,_,多,整体,正面
368,_,挺好用的,整体,正面
369,_,不错,整体,正面
369,_,货,整体,正面
369,_,真价实,整体,正面
370,_,挺好用的,整体,正面
371,物流,快,物流,正面
371,颜色,好,物流,正面
371,_,物超所值,整体,正面
371,赠品,_,价格,中性
372,包装,很好,包装,正面
372,物流,很快,物流,正面
372,_,不错,整体,正面
372,_,物美价廉,整体,正面
373,快递,真的,物流,正面
373,_,好快,整体,正面
374,_,非常好,整体,正面
375,到货速度,就是快,物流,正面
376,_,很好,整体,正面
376,_,挺薄的,整体,正面
376,精,_,物流,中性
376,华,挺多的,成分,正面
376,_,很舒服,整体,正面
377,价格,实惠,价格,正面
378,_,很保湿,整体,正面
378,_,棒,整体,正面
379,提亮效果,还不错,功效,正面
380,_,还好吧,整体,正面
380,_,新鲜的,整体,正面
381,_,不错,整体,正面
381,_,支,整体,正面
382,_,很好用,整体,正面
382,_,赞,整体,正面
383,_,还行,整体,正面
383,_,比较自然,整体,正面
384,_,超喜欢,整体,正面
384,味道,香香的,气味,正面
384,快递,很给力,物流,正面
385,_,挺滋润的,整体,正面
385,_,很服帖,整体,正面
385,_,很滋润,整体,正面
386,_,可以的,整体,正面
386,_,很好用,整体,正面
387,控油效果,没话,功效,正面
387,_,好用,整体,正面
388,_,好,整体,正面
388,_,很喜欢,整体,正面
389,_,超级润,整体,正面
389,_,喜欢,整体,正面
389,_,天然,整体,正面
389,_,不错,整体,正面
390,_,太好用了,整体,正面
391,_,还好,整体,正面
393,_,很自然,整体,正面
393,_,保湿,整体,正面
393,_,滋润,整体,正面
393,_,淡淡香味,整体,正面
394,_,很好用,整体,正面
394,_,很喜欢,整体,正面
395,_,好干净,整体,正面
395,_,不紧绷,整体,正面
396,补水功能,强,功效,正面
396,_,大,整体,负面
396,_,跟绵,整体,负面
397,保湿效果,不错,功效,正面
398,快递,_,物流,中性
399,快递,很给力,物流,正面
399,包装,很好,包装,正面
399,_,还可以,整体,正面
400,_,很好用,整体,正面
400,_,很喜欢,整体,正面
401,_,挺好的,整体,正面
402,_,非常舒服,整体,正面
402,_,特别拔,整体,正面
403,_,好很好,整体,正面
403,_,非常好,整体,正面
404,_,超级好用,整体,正面
404,活动,很划算,价格,正面
405,_,差,整体,负面
406,_,好评,整体,正面
407,补水效果,相当不错,功效,正面
407,精,_,物流,中性
407,华液,特别多,成分,正面
407,_,喜欢,整体,正面
408,_,不错,整体,正面
409,_,物美价廉,整体,正面
410,_,不错,整体,正面
410,_,非常清爽,整体,正面
410,_,不油腻,整体,正面
411,_,不错,整体,正面
411,活动,_,价格,中性
411,物流,很快,物流,正面
412,_,还可以,整体,正面
412,价格,很实惠,价格,正面
413,_,很划算,整体,正面
413,_,非常实用,整体,正面
414,_,非常喜欢,整体,正面
414,_,正品,整体,正面
415,_,非常好用,整体,正面
416,_,挺好的,整体,正面
416,价格,实惠,价格,正面
417,_,是正品,整体,正面
417,_,很不错,整体,正面
418,_,很不错,整体,正面
418,_,方便,整体,正面
420,补水效果,很好,功效,正面
420,_,很喜欢,整体,正面
421,_,非常不错,整体,正面
421,活动,_,价格,中性
422,_,非常适合,整体,正面
422,_,均衡,整体,正面
423,_,蛮好的,整体,正面
423,精,_,包装,中性
423,华,挺多的,成分,正面
424,_,挺好,整体,正面
424,味道,好闻,气味,正面
424,_,不错,整体,正面
425,_,很喜欢,整体,正面
425,物流速度,不错,物流,正面
426,_,物美价廉,整体,正面
426,_,便宜实惠,整体,正面
426,_,可以的,整体,正面
427,酒精味,_,气味,中性
428,快递小哥服务,很不错,物流,正面
429,_,挺喜欢,整体,正面
429,_,好评,整体,正面
430,_,比较清爽,整体,正面
430,_,不油腻,整体,正面
430,物流,快,物流,正面
431,_,挺不错的,整体,正面
432,物流,超级给力,物流,正面
432,_,非常快,整体,正面
432,_,实用,整体,正面
432,_,非常不错,整体,正面
433,_,还不错,整体,正面
434,_,很好用,整体,正面
435,_,很好用,整体,正面
436,_,挺不错的,整体,正面
437,_,很不错,整体,正面
438,_,不油腻,整体,正面
438,_,好评,整体,正面
438,_,有点贵,整体,负面
439,_,很好,整体,正面
439,_,很,整体,正面
439,_,很喜欢,整体,正面
439,_,很棒,整体,正面
440,_,还可以,整体,正面
440,精,_,物流,中性
440,华,挺充足的,成分,正面
441,_,很好用,整体,正面
441,_,很干净,整体,正面
441,_,不紧绷,整体,正面
442,_,很好用,整体,正面
443,_,超级大赞,整体,正面
444,_,非常好用,整体,正面
444,_,细腻,整体,正面
444,_,白皙,整体,正面
444,味道,特别好闻,气味,正面
445,_,很喜欢,整体,正面
446,_,非常好用,整体,正面
446,精华,很多,包装,正面
446,_,超棒,整体,正面
447,_,挺好的,整体,正面
447,物流,很快额,物流,正面
448,_,还可以,整体,正面
449,_,五分好评,整体,正面
450,_,还可以,整体,正面
450,_,挺补水,整体,正面
451,_,不错,整体,正面
451,_,很好用,整体,正面
452,质,短了,功效,负面
453,物流,很快,物流,正面
453,_,还行,整体,正面
453,_,显,整体,正面
453,_,有点干,整体,负面
454,_,满心欢喜,整体,正面
455,_,很好,整体,正面
455,速度,快,物流,正面
456,快递速度,很快,物流,正面
456,_,不错,整体,正面
457,隔离效果,好,功效,正面
457,_,温和,整体,正面
457,_,不刺激,整体,正面
457,_,易卸,整体,正面
458,_,挺好的,整体,正面
458,物流,挺快的,物流,正面
459,_,挺好用的,整体,正面
459,赠品,_,价格,中性
460,_,不错,整体,正面
460,_,很好,整体,正面
461,_,很喜欢,整体,正面
462,_,不错,整体,正面
463,_,不像正品,整体,正面
463,_,稀,整体,负面
464,配送,蛮快的,物流,正面
465,_,过敏了,整体,正面
465,_,非常不愉快,整体,正面
465,_,多,整体,正面
466,_,还不错,整体,正面
466,_,淡淡的,整体,正面
466,香味,_,气味,中性
466,服务态度,好,服务,正面
467,_,特别好用,整体,正面
467,_,很喜欢,整体,正面
468,_,保湿,整体,正面
468,_,不干,整体,正面
468,_,很喜欢,整体,正面
469,_,挺好用的,整体,正面
470,快递,杠杠滴,物流,正面
471,_,是正品,整体,正面
471,_,还特好用,整体,正面
473,_,还不错,整体,正面
474,_,还不错,整体,正面
474,_,很补水,整体,正面
475,_,很划算,整体,正面
476,_,太油了,整体,负面
477,_,好评,整体,正面
477,快递小哥,_,物流,中性
478,赠品,_,价格,中性
479,_,润润的,整体,正面
479,_,易吸收,整体,正面
479,香味,闻,气味,正面
479,_,很舒服,整体,正面
480,_,不错,整体,正面
480,速度,很快,物流,正面
481,上妆效果,干,功效,负面
482,_,要好很多,整体,正面
482,物流发货,就是快,物流,正面
482,_,赞,整体,正面
483,_,真心不错,整体,正面
484,_,挺好用,整体,正面
484,吸,_,物流,中性
484,收,挺快的,功效,正面
485,_,不好,整体,负面
485,_,过敏,整体,正面
486,_,挺好,整体,正面
487,服务态度,很好,服务,正面
487,_,的,整体,正面
487,_,挺好,整体,正面
488,_,很好用,整体,正面
488,活动,很划算,价格,正面
489,_,不错,整体,正面
490,_,特别好,整体,正面
490,_,非常喜欢,整体,正面
491,_,破烂,整体,正面
491,包,_,包装,中性
492,_,很好,整体,正面
492,_,好,整体,正面
493,_,便宜,整体,正面
494,_,还好,整体,正面
495,_,还行,整体,正面
496,_,很好用,整体,正面
497,_,很好用,整体,正面
498,_,还不错,整体,正面
499,_,是正品,整体,正面
499,_,很好,整体,正面
500,_,黏黏,整体,负面
500,_,不舒服,整体,正面
500,_,重,整体,负面
502,_,可以啊,整体,正面
502,_,提好用的,整体,正面
503,_,很好用,整体,正面
503,_,油腻泛白,整体,负面
503,_,还不错,整体,正面
504,_,还不错,整体,正面
505,_,确实不错,整体,正面
506,_,很好用,整体,正面
506,_,滑滑的,整体,正面
507,_,很好用,整体,正面
507,保湿效果,不错,功效,正面
507,粉,_,物流,中性
507,质,细腻,功效,正面
508,_,是正品,整体,正面
508,_,便宜,整体,正面
509,_,不错,整体,正面
509,_,喜欢,整体,正面
510,_,不错,整体,正面
511,_,还不错,整体,正面
511,价格,很不错,价格,正面
512,_,好用,整体,正面
512,_,美美哒,整体,正面
513,_,清清,整体,正面
513,_,爽爽,整体,正面
513,_,不油腻,整体,正面
514,包装,很满意,包装,正面
514,物流,很快,物流,正面
514,_,很好用,整体,正面
515,包装,比较优惠,包装,正面
515,物流,快,物流,正面
515,配送员服务,好,物流,正面
516,_,好用,整体,正面
517,_,挺好的,整体,正面
517,_,很实惠,整体,正面
519,_,还不错,整体,正面
520,_,很多,整体,正面
520,_,吸收,整体,负面
521,泡,_,气味,中性
521,沫,很细腻,功效,正面
521,_,很温和,整体,正面
521,味道,很好闻,气味,正面
521,_,是正品,整体,正面
523,塑料味,_,气味,中性
524,_,很好,整体,正面
526,_,很方便,整体,正面
527,_,有,整体,负面
528,味道,很好,气味,正面
528,_,容易推开,整体,正面
529,_,隐形,整体,正面
529,_,便宜,整体,正面
529,_,很好,整体,正面
529,_,不过敏好用,整体,正面
530,_,很自然,整体,正面
530,_,不错,整体,正面
531,印效果,不错,功效,正面
531,位,高些,价格,正面
532,_,还不错,整体,正面
532,价格,实惠,价格,正面
532,性价比,不错,价格,正面
533,_,挺好的,整体,正面
533,_,很正,整体,正面
533,_,方便,整体,正面
535,_,垃圾,整体,负面
536,_,还行,整体,正面
536,_,不,整体,正面
536,_,是很白,整体,负面
536,味道,可以,气味,正面
537,性价比,非常高,价格,正面
537,物流,非常快,物流,正面
538,_,不错,整体,正面
538,遮暇一般,较自然,功效,正面
539,_,太温和,整体,正面
539,_,了,整体,负面
539,_,滑滑的,整体,正面
539,_,没什,整体,正面
539,_,么效果,整体,负面
540,收货,不错,物流,正面
540,_,挺好的,整体,正面
541,补水,保湿,功效,正面
541,_,清爽,整体,正面
541,_,不油腻,整体,正面
542,_,降那么快,整体,正面
543,补水,不错,功效,正面
544,包装,很,包装,正面
544,_,简陋,整体,负面
545,补水效果,不错,功效,正面
546,_,是正品实惠,整体,正面
547,_,很满意,整体,正面
548,物流,_,物流,中性
549,物流,很满意,物流,正面
550,_,不好,整体,负面
550,_,会过敏,整体,负面
550,清洁能力,_,功效,中性
550,香味,太浓,气味,负面
552,味道,很难形,气味,正面
552,_,容,整体,负面
553,_,很好用,整体,正面
553,_,不卡粉,整体,正面
553,_,很自然,整体,正面
553,_,明显白,整体,正面
553,_,滑滑的,整体,正面
553,_,很喜欢,整体,正面
554,_,还不错,整体,正面
554,_,挺滋润,整体,正面
555,包装,很精致,包装,正面
555,_,挺好的,整体,正面
556,快递,很快,物流,正面
556,_,很好,整体,正面
557,_,很好用,整体,正面
558,_,不错,整体,正面
559,_,不怎么好用,整体,负面
560,精华,很多,物流,正面
560,_,很舒服,整体,正面
561,吸收,算,功效,正面
561,_,挺好,整体,正面
562,_,没什么,整体,负面
564,_,不错,整体,正面
565,_,还可以,整体,正面
565,包装,很不错,包装,正面
566,_,不怎么的好,整体,负面
567,_,挺好的,整体,正面
567,_,调整肤色,整体,正面
567,_,蛮好用,整体,正面
567,味道,大点,气味,正面
567,_,不错,整体,正面
568,_,不是很白,整体,负面
568,_,不是遮暇的,整体,负面
568,_,太差劲了,整体,负面
569,味道,比较大,气味,负面
569,_,不适,整体,负面
569,_,有点太白了,整体,负面
570,_,很不错,整体,正面
571,_,不好用,整体,负面
572,_,很好,整体,正面
572,_,不错,整体,正面
572,_,很适用,整体,正面
572,气味,很清香,气味,正面
573,_,好划算,整体,正面
575,_,还,整体,正面
575,_,蛮好的,整体,正面
576,_,非常的好用,整体,正面
576,泡沫,细腻,功效,正面
576,_,温和,整体,正面
576,_,不刺激,整体,正面
577,_,挺,整体,正面
577,持妆效果,还可以,功效,正面
578,_,特别好用,整体,正面
579,_,很有心,整体,正面
579,_,很好,整体,正面
579,_,不错,整体,正面
580,_,挺不错身,整体,正面
581,_,好用,整体,正面
581,_,滑滑的,整体,正面
581,保湿效果,很好,功效,正面
582,_,很满意,整体,正面
582,_,非常高兴,整体,正面
582,_,很,整体,正面
583,_,无不适感,整体,正面
583,_,透气好,整体,正面
583,_,满意,整体,正面
584,_,比较便宜,整体,正面
584,_,粗,整体,正面
585,_,很好,整体,正面
585,_,很喜欢,整体,正面
586,_,很不错,整体,正面
587,上妆效,挺香的,功效,正面
589,_,好用,整体,正面
589,_,特别润,整体,正面
589,补水效果,好,功效,正面
590,包装,比较高大,包装,正面
591,_,好用,整体,正面
591,_,不刺激,整体,正面
592,颜值,高,包装,正面
592,包装,很漂亮,包装,正面
592,_,喜欢,整体,正面
592,_,不错,整体,正面
593,保湿效果,不错,功效,正面
594,快递小哥,_,物流,中性
594,速度,飞快,物流,正面
594,_,挺细腻,整体,正面
595,_,好评,整体,正面
596,_,很好,整体,正面
598,_,挺白的,整体,正面
598,隔离效果,不好,功效,负面
599,_,可以,整体,正面
599,_,挺好的,整体,正面
600,_,喜欢,整体,正面
600,_,不油腻,整体,正面
600,_,细腻,整体,正面
600,_,均匀,整体,正面
600,_,很自然,整体,正面
600,_,大爱,整体,正面
601,_,还不错,整体,正面
601,_,很自然,整体,正面
601,_,很香,整体,正面
601,赠品,_,价格,中性
603,保湿效果,的不错,功效,正面
603,_,很舒服,整体,正面
603,_,真,整体,正面
603,_,错,整体,正面
604,_,非常不错,整体,正面
604,_,气色,整体,正面
604,_,很自然,整体,正面
604,_,保湿,整体,正面
605,_,很自然,整体,正面
605,_,耐用,整体,正面
605,_,好评,整体,正面
606,_,非常好,整体,正面
606,_,非常快,整体,正面
606,_,非常值,整体,正面
607,_,不错,整体,正面
607,_,直用,整体,正面
607,_,方便,整体,正面
608,_,挺好,整体,正面
608,_,很补水,整体,正面
608,精,_,物流,中性
608,华,很多,成分,正面
608,价格,实惠,价格,正面
609,_,超级好,整体,正面
609,精,_,包装,中性
609,华,少了点,成分,正面
609,_,很好闻,整体,正面
609,_,喜欢哦,整体,正面
610,包装,非常好,包装,正面
611,_,真假,整体,负面
611,价格,有点贵,价格,负面
612,_,没用,整体,负面
613,_,不错,整体,正面
615,_,还不错,整体,正面
616,_,很喜欢,整体,正面
617,价格,好划算,价格,正面
617,补水效果,挺好的,功效,正面
618,_,不好用,整体,负面
618,_,浮粉,整体,负面
618,_,严重,整体,负面
619,_,很好,整体,正面
620,_,还不错,整体,正面
620,包装,挺好看的,包装,正面
620,_,有点..,整体,负面
621,_,特优惠,整体,正面
622,保湿效果,非常好,功效,正面
624,_,划算,整体,正面
624,_,很舒服,整体,正面
625,_,很好用,整体,正面
626,香味,浓郁,气味,正面
626,_,淡化了,整体,负面
627,活动,物美价廉,价格,正面
627,物流,非常满意,物流,正面
628,速度,快,物流,正面
628,_,很不错,整体,正面
629,物流,快捷,物流,正面
629,_,给力,整体,正面
629,包装,到位,包装,正面
629,_,严实,整体,正面
630,包装,是,包装,负面
630,_,不是正品,整体,负面
631,_,特别服帖,整体,正面
632,_,便宜,整体,正面
633,_,好,整体,正面
633,_,小,整体,负面
634,_,有刺鼻,整体,正面
634,味道,香香的,气味,正面
634,_,不紧绷,整体,正面
634,_,好用,整体,正面
635,_,深,整体,负面
635,_,不错,整体,正面
635,遮瑕,一,功效,中性
635,_,般,整体,正面
636,_,很好,整体,正面
636,_,非常好,整体,正面
636,_,油,整体,正面
637,送货速度,快,物流,正面
637,哥服务,_,物流,中性
637,快,水水的,物流,正面
637,_,润润,整体,正面
638,_,非常棒,整体,正面
638,_,很满意,整体,正面
639,水润,_,功效,中性
639,度,还不错,物流,正面
641,_,不错,整体,正面
642,_,还不错,整体,正面
644,_,过敏,整体,正面
644,_,了,整体,负面
645,_,非常喜欢,整体,正面
646,_,是正品,整体,正面
646,_,不错,整体,正面
647,_,很舒服,整体,正面
648,包装,没封口,包装,负面
649,_,很好,整体,正面
650,_,真心好用,整体,正面
650,_,提亮,整体,正面
652,沫,丰富,功效,正面
652,清洁力,强,功效,正面
652,_,有淡香,整体,正面
652,_,喜欢,整体,正面
653,_,挺好用的,整体,正面
653,活动,很划算,价格,正面
654,味道,淡淡的,气味,正面
654,_,不,整体,正面
654,_,起沫,整体,负面
654,_,有点滑,整体,负面
655,果,不错,功效,正面
656,_,挺好用的,整体,正面
656,保湿效果,不错,功效,正面
657,_,挺保湿的,整体,正面
657,_,不怎,整体,正面
657,_,么干,整体,负面
658,_,不错,整体,正面
660,_,还不错,整体,正面
660,_,还可以,整体,正面
661,包装,很好,包装,正面
661,物流,快,物流,正面
662,_,很好,整体,正面
662,_,非常不错,整体,正面
663,_,挺好的,整体,正面
663,泡,_,气味,中性
663,沫,多,功效,正面
663,_,保湿,整体,正面
664,_,便宜,整体,负面
664,_,没好货,整体,负面
664,_,一点不假,整体,负面
665,_,很贴合,整体,正面
665,保湿效果,很好,功效,正面
665,_,优惠,整体,正面
666,_,很好用,整体,正面
667,_,很棒的,整体,正面
667,_,不刺激,整体,正面
667,物流,快,物流,正面
668,_,还不错,整体,正面
668,_,很细,整体,正面
669,_,很不错,整体,正面
669,_,满意,整体,正面
670,快递,挺快的,物流,正面
671,_,好用,整体,正面
671,补水效果,棒,功效,正面
671,精,_,物流,中性
671,华,比较多,成分,正面
671,_,不错,整体,正面
672,_,很好,整体,正面
672,_,很满意,整体,正面
673,_,便宜,整体,正面
673,_,些,整体,正面
673,_,优惠一点,整体,正面
673,气味,还好,气味,正面
674,_,不好用,整体,负面
675,_,很划算,整体,正面
675,_,很舒服,整体,正面
676,_,方便,整体,正面
676,包装,完整,包装,正面
676,价格,实惠,价格,正面
676,快递,很快,物流,正面
676,赠品,_,价格,中性
677,_,不错,整体,正面
677,_,划算,整体,正面
679,_,保湿,整体,正面
679,_,还行,整体,正面
679,_,不卡粉,整体,正面
679,价,钱,价格,正面
679,_,优惠,整体,正面
680,速度,超快,物流,正面
680,快递小哥,超级暖心,物流,正面
681,活动,_,价格,中性
682,_,挺好的,整体,正面
683,_,很轻薄,整体,正面
683,_,不浮粉,整体,正面
684,_,还行,整体,正面
684,_,比较粘,整体,正面
684,_,便宜,整体,正面
685,_,挺好用的,整体,正面
685,遮瑕效果,不错,功效,正面
685,颜色,很提亮,功效,正面
686,_,非,整体,正面
686,_,好,整体,正面
686,_,很薄,整体,正面
686,_,很舒服,整体,正面
687,_,很好用,整体,正面
688,_,很,整体,正面
688,活动,_,价格,中性
688,价格,很优惠,价格,正面
688,_,很好用,整体,正面
689,_,还不错,整体,正面
690,物流,很快东,物流,正面
690,_,不错,整体,正面
691,物流,真是快,物流,正面
691,_,不错,整体,正面
692,_,很好用,整体,正面
692,遮暇效果,非常不错,功效,正面
692,_,很好,整体,正面
693,_,便宜,整体,正面
693,_,好用,整体,正面
694,_,特别好用,整体,正面
695,活动,实惠,价格,正面
696,包装,很精致,包装,正面
696,_,挺好的,整体,正面
697,_,好评,整体,正面
697,_,比较贴,整体,正面
698,_,5星好评,整体,正面
699,_,不好用,整体,负面
700,_,好用的,整体,正面
700,_,超级,整体,正面
701,_,很好,整体,正面
701,_,很不错,整体,正面
702,活动力度,可以,价格,正面
702,_,划算很多,整体,正面
702,_,还可以,整体,正面
703,臭塑,_,功效,中性
703,料味,#了,气味,负面
703,_,无,整体,负面
704,物流速度,真是快,物流,正面
705,补水效果,不错,功效,正面
705,物流,挺快的,物流,正面
706,_,不错,整体,正面
706,_,满意,整体,正面
707,_,还不错,整体,正面
708,_,很好,整体,正面
708,_,很服贴,整体,正面
708,精,_,物流,中性
708,华液,很卵,成分,正面
709,补水效果,没有,功效,负面
710,_,挺好的,整体,正面
710,_,很划算,整体,正面
711,物流,很快,物流,正面
711,_,好,整体,正面
712,_,挺好用,整体,正面
712,_,挺干净的,整体,正面
713,_,应该不错,整体,正面
714,_,不错,整体,正面
714,物流,超快,物流,正面
714,_,很棒,整体,正面
715,补水效果,还不错,功效,正面
716,泡沫,细腻,功效,正面
716,_,凉凉,整体,正面
716,_,滑滑滴,整体,正面
716,_,还算满意,整体,正面
717,_,挺好的,整体,正面
718,_,不好,整体,负面
718,_,过敏了,整体,负面
719,_,超实惠,整体,正面
719,_,不油腻,整体,正面
719,_,挺好的,整体,正面
720,_,不,整体,正面
721,_,清爽,整体,正面
721,_,能,整体,正面
721,_,不适合,整体,正面
722,_,一般,整体,中性
723,_,还不错,整体,正面
724,_,好评,整体,正面
724,_,挺好用的,整体,正面
724,_,不过敏,整体,正面
725,发货,快,物流,正面
725,_,是正品,整体,正面
725,价钱,便宜,价格,正面
727,_,还可以,整体,正面
727,精,_,包装,中性
727,华,少了点,成分,正面
728,_,很好用,整体,正面
729,_,真心的,整体,正面
729,_,不错,整体,正面
730,_,一般,整体,中性
730,_,怎么控油,整体,负面
730,_,有点涩,整体,负面
730,_,好梳通,整体,负面
731,_,很不错,整体,正面
731,_,很喜欢,整体,正面
732,_,一般,整体,中性
733,_,很好用,整体,正面
733,_,细腻,整体,正面
733,_,光滑,整体,正面
733,_,水润,整体,正面
733,性价比,高,价格,正面
734,_,还好吧,整体,正面
734,_,便宜,整体,正面
734,_,很划算,整体,正面
734,_,还不错,整体,正面
735,物流,挺快,物流,正面
736,_,差评,整体,正面
736,_,没有,整体,负面
737,水分,很足,物流,正面
737,_,很不错,整体,正面
737,物流,快,物流,正面
737,_,很实惠,整体,正面
738,_,非常喜欢,整体,正面
738,_,很满意,整体,正面
739,_,挺满意的,整体,正面
740,补水效果,不错,功效,正面
741,物流,很快,物流,正面
741,_,很划算,整体,正面
742,_,好用,整体,正面
743,_,很不错,整体,正面
743,味道,好闻,气味,正面
743,遮瑕,保湿,功效,正面
743,_,很棒,整体,正面
744,_,挺好用的,整体,正面
744,_,比较好,整体,正面
745,_,不错,整体,正面
746,发货速度,挺快,物流,正面
747,_,挺好推开,整体,正面
747,防晒效果,太清,功效,负面
748,礼品,_,价格,中性
749,_,很好,整体,正面
749,_,是正品,整体,正面
750,送货,非常快,物流,正面
750,服务,好,价格,正面
750,_,很不错,整体,正面
750,性价比,很高,价格,正面
751,_,还好,整体,正面
751,_,蛮清爽,整体,正面
752,_,给力,整体,正面
752,价格,便宜,价格,正面
752,物流速度,快,物流,正面
752,_,很喜欢,整体,正面
753,_,还好吧,整体,正面
754,_,很快,整体,正面
754,_,很方便,整体,正面
754,_,实惠,整体,正面
754,_,很好,整体,正面
755,_,没,整体,负面
757,快递,点个赞,物流,正面
757,_,超级快,整体,正面
757,_,杠杠滴,整体,正面
757,_,很不错,整体,正面
757,_,棒棒哒,整体,正面
758,_,还可以,整体,正面
759,_,不错,整体,正面
759,活动,实惠,价格,正面
760,活动,给力,价格,正面
761,_,温和,整体,正面
761,_,不刺激,整体,正面
761,包装,很好,包装,正面
761,_,不错,整体,正面
762,_,实不错,整体,正面
763,_,还,整体,正面
763,_,还好,整体,正面
763,_,便宜,整体,正面
764,发货,很快,物流,正面
764,_,超级好听,整体,正面
764,_,很不错,整体,正面
765,_,超级赞,整体,正面
765,活动,很值,价格,正面
766,_,好用,整体,正面
767,_,不错,整体,正面
768,_,好用些,整体,正面
768,_,不错,整体,正面
769,_,喜欢,整体,正面
769,味道,很喜欢,气味,正面
770,物流,很快,物流,正面
770,隔离效果,很棒,功效,正面
771,_,降价,整体,负面
772,提,亮,功效,正面
772,肤色,满分,功效,正面
772,_,太棒了,整体,正面
772,_,大爱,整体,正面
773,_,还不错,整体,正面
773,_,方便,整体,正面
774,价格,实惠,价格,正面
774,务,_,价格,中性
774,送货,快,物流,正面
775,味道,特别,气味,正面
775,_,刺鼻,整体,负面
775,_,难闻,整体,负面
776,_,挺水润,整体,正面
777,_,不好,整体,负面
777,味道,_,气味,中性
778,_,好用,整体,正面
778,保湿效果,很好,功效,正面
778,_,喜欢,整体,正面
779,_,很自然,整体,正面
780,_,便宜,整体,正面
781,_,真心不错,整体,正面
782,补水效果,很不错,功效,正面
783,补水效果,挺不错,功效,正面
783,_,快,整体,正面
784,_,挺好的,整体,正面
784,_,挺喜欢,整体,正面
784,_,很好看,整体,正面
784,_,挺舒服,整体,正面
784,_,还不错,整体,正面
785,_,服帖,整体,正面
785,_,自然色,整体,正面
786,_,很,整体,正面
786,_,干,整体,负面
786,_,不值,整体,负面
787,_,还不错,整体,正面
787,速度,很快,物流,正面
788,_,挺好用的,整体,正面
789,_,不好,整体,负面
789,_,便宜,整体,负面
789,_,没好货,整体,负面
790,_,不错,整体,正面
790,_,不是太干,整体,负面
791,_,太苍白了些,整体,负面
792,_,淡淡的,整体,正面
792,味道,很好闻,气味,正面
792,_,很好用,整体,正面
793,_,过敏,整体,正面
794,味道,香香的,气味,正面
794,外观,特别漂亮,气味,正面
795,补水效果,真的好,功效,正面
795,物流,很快,物流,正面
795,_,非常满意,整体,正面
796,_,很适合,整体,正面
797,_,快,整体,正面
798,_,很不错,整体,正面
798,_,真的,整体,正面
799,_,还不错,整体,正面
800,盒子,很好看,包装,正面
801,_,很好,整体,正面
801,_,淡淡的,整体,正面
801,香味,_,气味,中性
801,价格,很美丽,价格,正面
802,_,很好,整体,正面
802,_,很舒服,整体,正面
803,包装,比较优惠,包装,正面
803,物流,快,物流,正面
803,配送员服务,好,物流,正面
805,_,挺好用,整体,正面
805,_,还可以,整体,正面
806,_,挺合适的,整体,正面
806,活动,给力,价格,正面
807,_,很好,整体,正面
808,_,好评,整体,正面
809,_,很好,整体,正面
809,_,喜欢,整体,正面
809,_,淡淡的,整体,正面
809,道,_,气味,中性
810,_,非常好用,整体,正面
810,_,很薄,整体,正面
810,补水效果,不错,功效,正面
812,_,挺好用的,整体,正面
812,_,比较水润,整体,正面
812,_,挺容易,整体,正面
812,物流,很快,物流,正面
813,活动,很划算,价格,正面
814,包装,完好,包装,正面
814,_,差不多,整体,负面
816,物流,太给力了,物流,正面
816,_,超级快,整体,正面
816,清洁能力,_,功效,中性
817,_,不错,整体,正面
817,_,很温和,整体,正面
817,_,不刺激,整体,正面
818,_,好用,整体,正面
818,补水效果,棒棒哒,功效,正面
819,活动价,实惠,价格,正面
819,_,好,整体,正面
820,_,还不错,整体,正面
821,_,很好,整体,正面
821,_,很服帖,整体,正面
821,_,没有浮粉的,整体,正面
822,_,很喜欢,整体,正面
823,_,很好用,整体,正面
824,_,不错,整体,正面
824,_,非常满意,整体,正面
825,_,好,整体,正面
826,_,不错,整体,正面
826,_,很好推开,整体,正面
826,_,细腻,整体,正面
826,_,然,整体,正面
826,_,不遮暇,整体,正面
826,_,均匀肤色,整体,正面
826,_,很好的,整体,正面
826,_,棒棒哒,整体,正面
827,速度,是,物流,正面
827,_,挺快,整体,正面
827,_,天冷,整体,正面
827,快递,_,物流,中性
828,补水效果,挺好的,功效,正面
829,物流,很快,物流,正面
829,_,很好,整体,正面
830,_,是正品,整体,正面
831,_,还可以,整体,正面
831,_,有点点油,整体,负面
832,_,不会差,整体,负面
833,_,是正品,整体,正面
833,_,挺好的,整体,正面
834,_,挺好的,整体,正面
834,_,比较,整体,负面
835,收,容易吸收,功效,正面
835,_,很好推开,整体,正面
835,性价比,高,价格,正面
836,_,很喜欢,整体,正面
836,_,还不错,整体,正面
837,_,很好,整体,正面
838,_,还行,整体,正面
839,包装,还可以,包装,正面
840,_,超级好用,整体,正面
840,活动,价,价格,正面
841,_,还行吧,整体,正面
841,_,太香了,整体,正面
841,泡泡,比较少,功效,正面
841,_,不,整体,正面
841,_,太喜欢,整体,负面
842,物流,蛮快的,物流,正面
842,_,不错,整体,正面
843,_,超级好用,整体,正面
843,_,不干,整体,正面
843,_,香香的,整体,正面
844,_,很不错,整体,正面
844,_,是正品,整体,正面
845,物流,超级快,物流,正面
845,_,5星,整体,正面
845,_,好评,整体,正面
845,_,很划算,整体,正面
845,_,贴,整体,正面
845,_,便宜,整体,正面
845,_,好评,整体,正面
846,_,很实惠,整体,正面
847,_,不错,整体,正面
847,保湿,挺好的,功效,正面
847,快递,很快,物流,正面
849,_,发错了,整体,负面
849,_,收,整体,负面
850,_,滑滑的,整体,正面
850,_,还不错,整体,正面
851,_,很好用,整体,正面
851,_,非常推荐,整体,正面
851,_,棒棒哒,整体,正面
852,_,不是特别油腻,整体,负面
852,_,轻薄,整体,正面
852,_,好上妆,整体,正面
853,_,不错,整体,正面
854,保湿效果,挺好的,功效,正面
854,_,是正品,整体,正面
855,包装,挺好的,包装,正面
855,_,是正品,整体,正面
856,_,还可以,整体,正面
856,_,比较满意,整体,正面
857,_,还不错,整体,正面
857,_,很好,整体,正面
858,_,正品,整体,正面
858,_,很好,整体,正面
859,_,很好用,整体,正面
860,_,有,整体,正面
860,_,点油,整体,负面
860,粉,很棒,包装,正面
860,_,真的,整体,正面
860,_,很贴心,整体,正面
861,快递,_,物流,中性
861,快,_,物流,中性
862,_,好油,整体,正面
862,_,不,整体,正面
863,_,很好用,整体,正面
863,_,喜欢,整体,正面
864,_,挺保湿,整体,正面
864,_,有点黏腻,整体,负面
865,_,香香的,整体,正面
865,_,挺好用,整体,正面
866,_,还可以,整体,正面
866,_,能,整体,正面
866,_,遮暇,整体,负面
867,_,很喜欢,整体,正面
867,赠品,好超值,价格,正面
867,_,很,整体,正面
867,_,欢,整体,正面
867,_,不错,整体,正面
868,_,非常好用,整体,正面
869,_,不错,整体,正面
870,_,还不错,整体,正面
870,_,正品,整体,正面
870,_,便宜,整体,正面
871,补水效果,非常好,功效,正面
871,_,水嫩嫩,整体,正面
871,精,_,物流,中性
871,华,很多,成分,正面
871,_,光滑,整体,正面
871,_,很保湿,整体,正面
871,_,不刺激,整体,正面
872,_,挺好的,整体,正面
872,包装,精美漂亮,包装,正面
872,_,正品,整体,正面
873,客服,很贴心,物流,正面
873,_,五星好评,整体,正面
873,_,特别,整体,正面
874,_,细腻,整体,正面
874,_,柔滑,整体,正面
874,味道,清香,气味,正面
875,_,最便宜,整体,正面
876,_,挺好用的,整体,正面
877,_,很喜欢,整体,正面
878,_,不错,整体,正面
878,_,很轻薄,整体,正面
879,活动,_,价格,中性
879,保湿,_,功效,中性
879,补水,不错,功效,正面
881,_,非,整体,正面
881,_,好,整体,正面
881,_,很好用,整体,正面
881,_,贴,整体,正面
881,_,多,整体,正面
881,_,补水,整体,正面
882,_,大爱,整体,正面
883,送货,真的,物流,正面
883,_,很高效,整体,正面
884,_,还可以,整体,正面
884,_,超舒服,整体,正面
885,_,还不错,整体,正面
885,_,非常实惠的,整体,正面
886,_,好用,整体,正面
887,_,好用遮瑕,整体,正面
887,_,自然白,整体,正面
888,快递速度,这么快,物流,正面
888,价格,这么实惠,价格,正面
889,活动,行,价格,正面
889,亲民,_,价格,中性
889,价格,_,价格,中性
889,国,_,价格,中性
889,货,当自强,物流,正面
890,_,很满意,整体,正面
891,_,非常好用,整体,正面
892,_,很好,整体,正面
893,_,很愉快,整体,正面
894,_,一,整体,正面
894,_,既往,整体,正面
894,_,好用,整体,正面
895,_,好用,整体,正面
895,_,错,整体,负面
896,_,不错,整体,正面
897,_,很好用,整体,正面
897,_,很喜欢,整体,正面
898,_,泡沫,整体,负面
898,_,不干净的,整体,负面
899,_,挺好,整体,正面
899,_,喜欢,整体,正面
900,_,非常滋润,整体,正面
901,_,物美价廉,整体,正面
901,_,五星好评,整体,正面
902,_,按压方便,整体,正面
902,设计,挺好,包装,正面
902,_,水不刺激,整体,正面
902,_,清,整体,正面
902,_,挺干净的,整体,正面
902,_,喜欢,整体,正面
903,_,很快,整体,正面
903,卸妆液,还不错,功效,正面
904,_,还阔以,整体,正面
904,_,香香的,整体,正面
904,_,很满意,整体,正面
905,快寄,很给力,物流,正面
907,_,很保湿,整体,正面
907,精,_,包装,中性
907,华,很多,成分,正面
908,_,好,整体,正面
908,_,超喜欢,整体,正面
908,_,棒棒,整体,正面
908,物流,快,物流,正面
908,_,超级满意,整体,正面
909,收货,很及时,物流,正面
910,_,不错,整体,正面
910,_,美美哒,整体,正面
911,酒精味,太重,气味,负面
911,_,有点油,整体,负面
911,_,很好,整体,正面
912,活动,很优惠,价格,正面
913,_,很好,整体,正面
914,_,还不错,整体,正面
915,快递,真是,物流,正面
915,_,神速,整体,正面
915,_,太给力了,整体,正面
915,_,优惠,整体,正面
915,_,很多,整体,正面
916,_,不好用,整体,负面
916,_,没有提亮肤色的,整体,正面
917,_,真心不错,整体,正面
918,_,还不错,整体,正面
919,味道,没错,气味,正面
919,_,是正品,整体,正面
919,_,瓶盖碎了,整体,负面
920,_,正品,整体,正面
920,_,好用,整体,正面
921,_,还可以,整体,正面
921,_,足,整体,负面
922,快递,很给力,物流,正面
923,_,还不错,整体,正面
924,_,好用,整体,正面
924,补水效果,很好,功效,正面
924,活动,很实惠,价格,正面
925,_,挺好的,整体,正面
925,味道,不错,气味,正面
925,_,挺保湿,整体,正面
926,_,挺好,整体,正面
926,味道,好,气味,正面
926,_,不过敏补水,整体,正面
927,_,很好,整体,正面
927,_,非常喜欢,整体,正面
927,_,错,整体,正面
928,_,一如既往的好,整体,正面
931,物流,快,物流,正面
932,味道,比较奇怪,气味,正面
932,质,非常好吸收,功效,正面
932,_,微,整体,正面
932,黏腻感,可以接..,功效,正面
933,到账速度,快,物流,正面
934,_,不好用,整体,负面
935,_,还可以,整体,正面
935,活动,_,价格,中性
936,_,还,整体,正面
936,_,不错的,整体,正面
936,性价比,很高,价格,正面
937,_,很服帖,整体,正面
937,_,精,整体,正面
937,华,很多,成分,正面
937,_,很好用,整体,正面
937,_,不过敏,整体,正面
938,_,点,整体,负面
938,_,不好用,整体,负面
939,保湿效果,很好,功效,正面
940,_,还不错,整体,正面
940,_,然,整体,正面
940,_,化,整体,正面
941,_,确定,整体,正面
941,价格,还,价格,正面
941,_,便宜,整体,正面
942,_,一,整体,正面
942,_,般,整体,中性
942,_,行,整体,正面
942,价格,便宜,价格,正面
943,_,挺好吸收,整体,正面
943,_,不油腻,整体,正面
943,_,挺好,整体,正面
943,_,没有损,整体,正面
944,补水效果,不错,功效,正面
945,补水效果,不错,功效,正面
945,包装,好看,包装,正面
945,_,很柔软,整体,正面
945,_,很薄,整体,正面
946,_,不错,整体,正面
947,_,挺喜欢,整体,正面
947,_,很实惠,整体,正面
948,_,不错,整体,正面
949,_,有点油,整体,负面
949,_,多,整体,负面
950,_,还行,整体,正面
950,_,好推开,整体,正面
950,_,有点不舒服,整体,负面
952,_,还不错,整体,正面
952,_,挺舒服的,整体,正面
953,提,亮,功效,正面
953,肤色,挺好用的,功效,正面
954,_,不错,整体,正面
954,_,很好,整体,正面
955,速度,快,物流,正面
955,_,好,整体,正面
955,_,很不错,整体,正面
955,_,棒棒哒,整体,正面
956,_,挺好的,整体,正面
956,颜色,不自然,功效,正面
956,_,有点假白,整体,负面
956,定妆,不持久,功效,正面
957,_,好用,整体,正面
957,_,好,整体,正面
957,_,挺不错,整体,正面
958,_,没有泡沫,整体,负面
958,快递,不咋地,物流,正面
958,快递,_,物流,中性
958,速度,还慢,物流,正面
959,_,还不错,整体,正面
960,_,还不错,整体,正面
961,_,很好用,整体,正面
961,物流,很快,物流,正面
962,_,不错,整体,正面
963,_,挺水嫩的,整体,正面
964,_,会,整体,正面
964,_,卡粉,整体,负面
964,_,不,整体,正面
964,_,自然,整体,负面
965,_,有,整体,负面
965,_,太贵了点,整体,负面
966,浮,_,气味,中性
966,粉,严,功效,正面
966,_,重,整体,负面
966,颜,_,气味,中性
966,色,太白,功效,正面
966,_,显毛孔,整体,负面
967,_,很滋润,整体,正面
968,_,很好用,整体,正面
969,_,挺好用,整体,正面
969,_,非常满意,整体,正面
971,赠品,挺好用,价格,正面
971,_,棒棒哒,整体,正面
972,_,好用,整体,正面
972,_,经济,整体,正面
972,_,实惠,整体,正面
973,_,还不错,整体,正面
973,_,还可以,整体,正面
973,_,便宜,整体,正面
974,_,还可以,整体,正面
974,_,不黏腻,整体,正面
975,_,很油,整体,负面
975,_,不清爽,整体,正面
976,_,用,整体,负面
977,_,特别好用,整体,正面
977,_,很薄,整体,正面
977,_,贴完,整体,正面
977,_,很舒服,整体,正面
978,_,不错,整体,正面
979,_,有点小,整体,负面
979,_,象,整体,负面
980,_,还行,整体,正面
981,_,挺温和,整体,正面
982,_,好用,整体,正面
982,_,不错,整体,正面
983,_,挺好用的,整体,正面
983,_,好评,整体,正面
984,_,良好,整体,正面
984,_,无异常,整体,正面
984,_,喜欢,整体,正面
985,_,很好用,整体,正面
985,_,均匀肤色,整体,正面
985,_,好用,整体,正面
986,卸妆效果,很好,功效,正面
986,_,很满意,整体,正面
987,包装,一,包装,正面
987,_,般,整体,负面
988,_,很好用,整体,正面
989,_,很好用,整体,正面
990,_,便宜,整体,正面
991,_,一如既往的好,整体,正面
992,保湿,_,功效,中性
992,补水效果,很好,功效,正面
992,吸收,特别快,功效,正面
992,价格,超值,价格,正面
993,_,好用,整体,正面
993,_,不刺激,整体,正面
994,活动,_,价格,中性
995,_,很好用,整体,正面
996,_,满意,整体,正面
996,吸,_,物流,中性
996,收,_,功效,中性
997,_,还可以,整体,正面
998,发货,及时,物流,正面
999,_,一般,整体,中性
1000,_,好评,整体,正面
1001,_,好用,整体,正面
1001,_,很划算,整体,正面
1002,_,很喜欢,整体,正面
1002,_,超强大的提亮肤色,整体,正面
1002,_,很润,整体,正面
1003,_,不是很好用,整体,负面
1004,_,还不错,整体,正面
1004,_,好评,整体,正面
1004,_,很白,整体,正面
1005,_,很合适,整体,正面
1005,_,好用,整体,正面
1005,价格,亲民,价格,正面
1006,_,不错,整体,正面
1006,_,很好用,整体,正面
1007,_,很多,整体,正面
1007,补水,保湿,功效,正面
1007,_,不油腻,整体,正面
1008,_,很好,整体,正面
1010,_,很好用,整体,正面
1010,_,很香,整体,正面
1011,_,滋润,整体,正面
1011,_,亮白,整体,正面
1011,_,保湿,整体,正面
1012,_,不错,整体,正面
1012,瓶子,挺精致,包装,正面
1013,_,不错,整体,正面
1013,快递,很快,物流,正面
1014,_,蛮好用的,整体,正面
1014,_,超喜欢,整体,正面
1014,_,超满意,整体,正面
1015,_,挺好用的,整体,正面
1015,_,很细腻,整体,正面
1015,遮瑕效果,挺好,功效,正面
1016,_,挺小的,整体,正面
1016,_,适合油,整体,正面
1016,_,不易,整体,正面
1016,_,挺自然的,整体,正面
1016,_,整体..,整体,正面
1018,_,很舒服,整体,正面
1019,物流,快,物流,正面
1019,服务态度,好,物流,正面
1020,_,挺划算的,整体,正面
1021,_,好评,整体,正面
1022,活动,_,价格,中性
1023,_,物有所值,整体,正面
1024,_,挺好用的,整体,正面
1025,华,很多,包装,正面
1025,快递员服务,超好,物流,正面
1025,_,赞,整体,正面
1026,_,挺好用的,整体,正面
1026,提亮效果,好,功效,正面
1027,包装,很好,包装,正面
1027,_,无破损,整体,正面
1028,_,股,整体,正面
1028,_,淡淡的清香,整体,正面
1028,_,很好闻,整体,正面
1029,_,非常不错,整体,正面
1029,_,非,整体,正面
1029,_,用,整体,正面
1030,_,挺好,整体,正面
1030,_,不卡粉,整体,正面
1031,活动,便宜好,价格,正面
1031,_,物美价廉,整体,正面
1032,_,好失望,整体,正面
1032,保质,_,功效,中性
1032,期,_,物流,中性
1033,_,超级好用,整体,正面
1033,_,易摸散,整体,正面
1034,_,不错,整体,正面
1034,_,挺好用的,整体,正面
1034,_,还不错,整体,正面
1035,_,廉价,整体,正面
1035,香,_,气味,中性
1035,味,不自然,气味,负面
1036,_,是正品,整体,正面
1036,_,不错,整体,正面
1037,_,很服帖,整体,正面
1037,保湿效果,还行,功效,正面
1037,_,特别划算,整体,正面
1038,快递,好快,物流,正面
1038,_,很,整体,正面
1038,精,很多,物流,正面
1039,_,不错,整体,正面
1040,_,白,整体,正面
1040,_,特假,整体,正面
1041,_,水水的,整体,正面
1041,_,很保湿,整体,正面
1041,_,很好用,整体,正面
1042,_,很好用,整体,正面
1042,_,真的,整体,正面
1043,物流,很快,物流,正面
1043,_,很满意,整体,正面
1044,_,正品,整体,正面
1045,_,非常方便,整体,正面
1046,_,清爽,整体,正面
1046,_,不油腻,整体,正面
1047,包装,完好,包装,正面
1047,_,淡淡的,整体,正面
1047,清香味,还好,气味,正面
1048,性价比,很高,价格,正面
1048,_,滋,整体,正面
1048,补水,保湿,功效,正面
1048,_,还不起脂肪粒,整体,正面
1048,送货,超级快,物流,正面
1049,_,不错,整体,正面
1050,_,还好,整体,正面
1050,保湿,不是那么好,功效,负面
1051,_,挺喜欢,整体,正面
1051,_,香香的,整体,正面
1051,_,味道,整体,正面
1051,_,好评,整体,正面
1052,味道,很清新,气味,正面
1052,泡沫,挺细腻的,功效,正面
1052,清洁力度,还可以,功效,正面
1052,_,不紧绷,整体,正面
1052,_,挺温和的,整体,正面
1053,_,一般般,整体,中性
1053,_,不,整体,正面
1053,_,显,整体,正面
1054,_,一般般,整体,中性
1055,_,超赞,整体,正面
1055,_,大爱,整体,正面
1056,优惠,_,价格,中性
1056,活动,太赞了,价格,正面
1057,_,好评,整体,正面
1058,_,挺不错的,整体,正面
1058,物流,很快,物流,正面
1059,发货的速度,慢,物流,负面
1060,_,太香了,整体,负面
1061,_,超级好用,整体,正面
1061,补水效果,_,功效,中性
1062,服务态度,很好,物流,正面
1062,_,很满意,整体,正面
1063,_,出,整体,正面
1063,_,汗不掉妆,整体,负面
1064,_,不够细,整体,正面
1064,_,不够服帖,整体,正面
1064,味道,蛮喜欢,气味,正面
1064,_,提亮,整体,正面
1064,_,不错,整体,正面
1065,_,清淡,整体,正面
1065,_,不紧绷,整体,正面
1065,_,很舒服,整体,正面
1065,_,挺干净,整体,正面
1065,_,不刺激,整体,正面
1066,_,还不错,整体,正面
1067,_,不,整体,正面
1067,_,干,整体,负面
1067,_,净,整体,正面
1068,_,非常满意,整体,正面
1069,_,还不错,整体,正面
1070,_,喜欢,整体,正面
1070,_,大,整体,正面
1070,_,温和,整体,正面
1070,_,不刺激,整体,正面
1070,_,挺好用的,整体,正面
1071,价格,丽,价格,正面
1072,_,很不错,整体,正面
1073,_,般,整体,中性
1074,清洁力,不是太好,功效,负面
1074,_,不适合,整体,负面
1075,_,多,整体,正面
1075,赠品,_,价格,中性
1075,果,还行,功效,正面
1076,_,挺好用的,整体,正面
1077,_,还行,整体,正面
1077,_,不会很白,整体,负面
1077,_,硬,整体,负面
1077,_,不好用,整体,负面
1078,速度,无敌,物流,正面
1079,_,不理想,整体,负面
1079,_,不干净,整体,负面
1080,_,一如既往的好,整体,正面
1081,_,还不错,整体,正面
1081,_,是正品,整体,正面
1082,_,新,整体,正面
1082,_,不错,整体,正面
1083,_,一般般,整体,中性
1084,物流,很快,物流,正面
1085,_,还不错,整体,正面
1086,_,还可以,整体,正面
1087,_,好,整体,正面
1088,活动,实惠,价格,正面
1088,_,还不错,整体,正面
1089,_,特持久,整体,正面
1089,_,特别容易干,整体,正面
1090,_,特别好,整体,正面
1090,_,特补水,整体,正面
1091,_,很,整体,正面
1091,_,很安全,整体,正面
1091,补水保,湿,功效,正面
1091,_,不错,整体,正面
1091,_,粘稠,整体,正面
1092,物流,给力,物流,正面
1092,_,一直在用,整体,正面
1093,_,不错,整体,正面
1094,_,还不错,整体,正面
1094,_,通透,整体,正面
1095,_,轻薄,整体,正面
1095,_,舒服,整体,正面
1095,_,很好,整体,正面
1096,_,挺好的,整体,正面
1096,_,提亮肤色,整体,正面
1097,香味,一般,气味,正面
1097,性价比,_,价格,中性
1098,_,不错,整体,正面
1099,_,物,整体,正面
1099,_,廉价美,整体,正面
1100,_,很清爽,整体,正面
1100,_,不错,整体,正面
1100,价格,很划得来,价格,正面
1101,_,点小惊喜,整体,负面
1101,_,很满意,整体,正面
1102,_,好像,整体,正面
1102,_,过敏了,整体,正面
1103,_,喜欢,整体,正面
1103,_,很好,整体,正面
1103,_,很补水,整体,正面
1103,_,划算,整体,正面
1104,_,非常满意,整体,正面
1105,_,好用的很,整体,正面
1106,控油效果,还可以,功效,正面
1106,香味,太香精,气味,正面
1107,_,比,整体,负面
1107,_,差,整体,负面
1107,_,不是近期的,整体,负面
1108,_,超级喜欢,整体,正面
1109,_,非常好,整体,正面
1109,_,舒服,整体,正面
1109,_,不过敏,整体,正面
1109,_,挺实惠的,整体,正面
1110,包装,还可以,包装,正面
1111,_,好,整体,正面
1112,_,比,整体,正面
1112,_,温合,整体,正面
1112,包装,多,包装,正面
1113,物流,好快,物流,正面
1113,服务态度,_,物流,中性
1114,_,挺好的,整体,正面
1114,_,是正品,整体,正面
1115,物流,很快,物流,正面
1116,_,实惠,整体,正面
1116,袋子,很漂亮,包装,正面
1118,_,不错,整体,正面
1118,_,挺细腻的,整体,正面
1119,_,挺好,整体,正面
1119,_,淡淡香味,整体,正面
1119,_,非,整体,正面
1119,_,好用,整体,正面
1120,_,还不错,整体,正面
1120,发货速度,快,物流,正面
1120,_,挺喜欢,整体,正面
1121,_,很好,整体,正面
1121,_,正品,整体,正面
1122,_,还行吧,整体,正面
1123,_,相当不错,整体,正面
1123,物流,给力,物流,正面
1123,_,好评,整体,正面
1123,_,超级好评,整体,正面
1124,_,不卡粉,整体,正面
1124,_,挺好的,整体,正面
1126,_,好评,整体,正面
1126,_,很好,整体,正面
1126,_,很喜欢,整体,正面
1127,_,很不错,整体,正面
1128,_,挺好用,整体,正面
1128,_,非常满意,整体,正面
1129,_,有点干吧,整体,负面
1130,_,真心不错,整体,正面
1130,物流,超级快,物流,正面
1131,_,还不错,整体,正面
1131,_,很好用,整体,正面
1131,价格,优惠,价格,正面
1131,_,满意,整体,正面
1132,果,还不错,功效,正面
1132,物流,很快,物流,正面
1133,_,满意,整体,正面
1133,_,还不错,整体,正面
1133,质,轻薄,功效,正面
1133,持久效果,_,功效,中性
1133,发货,快,物流,正面
1134,_,棒棒,整体,正面
1134,_,棒棒,整体,正面
1134,_,轻薄透气,整体,正面
1135,卸妆效果,还好,功效,正面
1135,_,清爽,整体,正面
1135,_,不油腻,整体,正面
1136,_,很好用,整体,正面
1136,物流,很快,物流,正面
1138,_,很好,整体,正面
1138,_,很划算,整体,正面
1139,提亮肤色,很不错,功效,正面
1139,活动,_,价格,中性
1140,_,很好用,整体,正面
1141,_,很舒服,整体,正面
1141,_,不舒服,整体,正面
1141,_,好评,整体,正面
1141,_,好评,整体,正面
1142,_,还行吧,整体,正面
1143,_,不错,整体,正面
1143,保温效果,好,功效,正面
1143,精,_,物流,中性
1143,华液,挺多的,成分,正面
1144,_,挺好的,整体,正面
1145,外观,还不错,包装,正面
1146,_,不错,整体,正面
1147,礼品,不错,价格,正面
1148,_,是正品,整体,正面
1148,包装,不,包装,负面
1148,_,挺环保的,整体,正面
1150,_,非常好用,整体,正面
1151,快递,很给力,物流,正面
1152,_,很喜欢,整体,正面
1152,_,称,整体,正面
1152,_,好,整体,正面
1153,_,自,整体,正面
1153,_,快,整体,正面
1154,_,是正品,整体,正面
1155,物流,圾,物流,负面
1155,味道,好,气味,负面
1155,_,大,整体,负面
1155,_,不喜欢,整体,负面
1156,_,非常好用,整体,正面
1156,味道,好闻,气味,正面
1157,_,很好用,整体,正面
1157,遮暇效果,很好,功效,正面
1158,_,很不错,整体,正面
1159,价格,低,价格,正面
1160,_,很好用,整体,正面
1161,_,不好用,整体,负面
1161,_,太干,整体,负面
1162,速度,真快,物流,正面
1162,_,宜,整体,正面
1163,_,黑了,整体,负面
1164,_,好评,整体,正面
1165,_,很好,整体,正面
1165,_,很好,整体,正面
1165,_,很,整体,正面
1166,_,比较实惠,整体,正面
1166,补水效果,挺好,功效,正面
1167,_,还可以,整体,正面
1168,_,好评率,整体,正面
1168,_,那么好,整体,正面
1168,_,自然,整体,正面
1169,_,挺好的,整体,正面
1169,_,光滑水润,整体,正面
1170,_,的别,整体,正面
1171,味道,太刺鼻了,气味,负面
1171,价格,很实惠,价格,正面
1172,_,不,整体,正面
1172,_,比较喜欢,整体,正面
1173,_,不错,整体,正面
1173,_,很满意,整体,正面
1174,性价比,很高,价格,正面
1175,_,很不错,整体,正面
1176,_,比较喜欢,整体,正面
1177,_,够了,整体,负面
1177,_,还过敏,整体,正面
1178,包装,不错,包装,正面
1178,_,自然,整体,正面
1178,色,还好,功效,正面
1178,_,扑带尖的,整体,正面
1178,_,比,整体,正面
1179,_,新鲜,整体,正面
1179,保质,�特划,功效,正面
1180,_,不,整体,负面
1180,_,沫,整体,负面
1180,_,不怎么好用,整体,负面
1181,_,没有特别便宜,整体,正面
1182,_,不服,整体,正面
1182,_,帖,整体,负面
1182,_,脱妆,整体,负面
1182,_,严重,整体,负面
1182,_,假白,整体,负面
1183,_,很清爽,整体,正面
1183,_,不油腻,整体,正面
1183,_,很喜欢,整体,正面
1183,_,很干净,整体,正面
1184,快递速度,真快,物流,正面
1185,_,超乎,整体,正面
1185,_,好评,整体,正面
1185,_,赞赞,整体,正面
1186,_,便宜,整体,正面
1186,_,多,整体,正面
1186,_,好用,整体,正面
1186,_,好评,整体,正面
1187,_,没小样,整体,负面
1187,_,不开心,整体,负面
1188,_,不错,整体,正面
1188,_,是正品,整体,正面
1188,_,挺好的,整体,正面
1189,_,可以,整体,正面
1189,_,挺干净的,整体,正面
1190,_,超级喜欢,整体,正面
1191,_,是正品,整体,正面
1192,_,喜欢,整体,正面
1192,_,比较细腻,整体,正面
1192,_,不油腻,整体,正面
1192,_,挺好的,整体,正面
1193,_,很好,整体,正面
1194,物流,相当快,物流,正面
1194,包装,精致,包装,正面
1194,_,一如既往的好,整体,正面
1195,_,不干,整体,负面
1195,_,白了很多,整体,正面
1196,_,挺好,整体,正面
1196,_,满意,整体,正面
1197,_,很喜欢,整体,正面
1198,_,挺好的,整体,正面
1199,_,不错,整体,正面
1200,_,很好用,整体,正面
1201,_,挺不错的,整体,正面
1201,_,很滋润,整体,正面
1202,物流,快,物流,正面
1202,_,好,整体,正面
1203,_,便宜,整体,正面
1203,_,还好用,整体,正面
1203,_,清淡的,整体,正面
1203,香味,比较喜欢,气味,正面
1205,_,蛮不错的,整体,正面
1206,_,很不错,整体,正面
1207,_,水润,整体,正面
1207,_,提亮肤,整体,正面
1207,色,自然,功效,正面
1207,_,很满意,整体,正面
1208,补水效果,很棒,功效,正面
1209,_,不错,整体,正面
1210,_,超好用,整体,正面
1210,_,很水润,整体,正面
1210,_,好用,整体,正面
1211,_,不错,整体,正面
1211,_,明显变好了点,整体,正面
1212,_,水润透气,整体,正面
1212,_,不错,整体,正面
1213,_,很好用,整体,正面
1214,_,比较水润,整体,正面
1214,隔离效果,是不是,功效,正面
1214,_,真的,整体,正面
1214,_,很棒,整体,正面
1215,_,很细腻,整体,正面
1215,_,清爽,整体,正面
1215,_,不干燥,整体,正面
1215,_,安利,整体,正面
1216,_,好,整体,正面
1217,_,很油,整体,正面
1218,_,少,整体,正面
1218,_,好用,整体,正面
1219,_,挺好的,整体,正面
1219,味道,清新,气味,正面
1219,_,滋润,整体,正面
1219,_,不粘腻,整体,正面
1220,_,很薄,整体,正面
1220,水分,很多,物流,正面
1220,_,很舒服,整体,正面
1220,_,清爽,整体,正面
1221,_,不错,整体,正面
1222,_,还不错,整体,正面
1222,价格,合理,价格,正面
1223,物流,很快,物流,正面
1224,_,挺喜欢的,整体,正面
1225,_,很好,整体,正面
1226,提亮遮暇能力,强,功效,正面
1227,_,挺好的,整体,正面
1227,_,好快,整体,正面
1228,_,很实惠,整体,正面
1228,_,很好用,整体,正面
1229,_,挺不错的,整体,正面
1229,包装,无损坏,包装,正面
1229,_,淡淡的,整体,正面
1229,清,_,气味,中性
1229,香,_,功效,中性
1229,味,_,气味,中性
1229,保湿效,挺好的,功效,正面
1230,_,不错,整体,正面
1230,速度,很快,物流,正面
1231,_,有点脏,整体,负面
1232,味道,很好闻,气味,正面
1233,物流,很快,物流,正面
1233,_,很好用,整体,正面
1234,_,毫不费力,整体,正面
1234,_,有刺鼻的气,整体,正面
1234,味,很温和,气味,正面
1234,卸妆,很干净,功效,正面
1234,包装,特别,包装,正面
1234,_,细,整体,正面
1235,_,一点,整体,负面
1235,遮暇效果,没有,功效,负面
1235,_,容易,整体,负面
1235,_,被骗了,整体,负面
1236,_,没想象,整体,正面
1236,_,那么好,整体,负面
1237,_,还不错,整体,正面
1238,_,不,整体,正面
1238,_,算太满意,整体,负面
1240,_,很好用,整体,正面
1241,物流,超快,物流,正面
1241,包装,高大上,包装,正面
1241,_,很好,整体,正面
1241,_,没有破损,整体,正面
1242,_,便宜,整体,正面
1242,_,实惠,整体,正面
1242,_,非常好用,整体,正面
1243,_,可以,整体,正面
1243,_,挺白的,整体,正面
1244,_,很好,整体,正面
1245,_,很赞,整体,正面
1245,_,很喜欢,整体,正面
1246,_,好用,整体,正面
1247,_,很好用,整体,正面
1247,_,水水的,整体,正面
1247,_,嫩嫩的,整体,正面
1248,保湿效果,很好,功效,正面
1249,_,好,整体,负面
1250,_,很好用,整体,正面
1250,味道,很好闻,气味,正面
1250,_,很喜欢,整体,正面
1251,_,还好,整体,正面
1251,_,红,整体,负面
1252,香味,挺重的,气味,正面
1253,_,挺好用,整体,正面
1254,价格,实惠,价格,正面
1254,_,不会干,整体,正面
1255,_,不错,整体,正面
1256,_,真不错,整体,正面
1256,液,挺多的,包装,正面
1257,活动,_,价格,中性
1257,精,_,物流,中性
1257,华液,很多,成分,正面
1257,补水效果,不错,功效,正面
1258,_,好评,整体,正面
1259,_,喜欢,整体,正面
1259,_,不刺皮肤,整体,正面
1259,_,的,整体,正面
1259,_,干净,整体,正面
1260,_,非常好用,整体,正面
1260,_,不油腻,整体,正面
1260,_,很清爽,整体,正面
1260,_,大爱,整体,正面
1262,_,很好用,整体,正面
1263,_,很不错,整体,正面
1263,味道,很好闻,气味,正面
1263,_,保湿,整体,正面
1264,物流,很快,物流,正面
1264,_,很好,整体,正面
1265,_,还不错,整体,正面
1266,_,不是很适,整体,负面
1266,_,油,整体,负面
1267,_,很好,整体,正面
1267,_,很好,整体,正面
1267,_,常,整体,正面
1268,_,挺好的,整体,正面
1269,_,差太多了,整体,负面
1269,_,松的,整体,正面
1269,散粉,_,物流,中性
1269,香味,很浓,气味,正面
1270,_,一如既往的好,整体,正面
1271,_,还可以,整体,正面
1271,_,很实惠,整体,正面
1272,补水效果,很好,功效,正面
1273,_,好用,整体,正面
1273,滋润度,非常好,功效,正面
1273,_,不干,整体,正面
1273,_,不卡粉,整体,正面
1273,_,棒棒哒,整体,正面
1274,_,挺好的,整体,正面
1275,_,还不错,整体,正面
1276,_,湿润,整体,正面
1276,_,自然,整体,正面
1276,_,很好,整体,正面
1277,_,常,整体,正面
1277,_,满意,整体,正面
1277,_,非常喜欢,整体,正面
1278,_,很不错,整体,正面
1278,_,喜欢,整体,正面
1278,活动,很合适,价格,正面
1279,补水效果,非常好,功效,正面
1280,_,挺满意的,整体,正面
1282,_,不,整体,正面
1282,_,紧绷,整体,负面
1283,_,很好用,整体,正面
1283,_,很香,整体,正面
1284,_,真心不错,整体,正面
1285,_,还不错,整体,正面
1286,_,很不错,整体,正面
1287,_,还可以,整体,正面
1288,_,还不错,整体,正面
1289,_,很不错,整体,正面
1289,保湿效果,很好,功效,正面
1289,_,非常满意,整体,正面
1290,价格,实惠,价格,正面
1290,活动,便宜,价格,正面
1290,_,好评,整体,正面
1291,_,很不错,整体,正面
1291,味道,太香,气味,正面
1291,_,了,整体,负面
1292,_,还行,整体,正面
1292,_,比较方便,整体,正面
1293,_,点刺激,整体,负面
1293,_,还好,整体,正面
1294,_,是正品,整体,正面
1295,_,非常好用,整体,正面
1296,_,是真品,整体,正面
1296,_,敏,整体,正面
1297,味道,挺好闻的,气味,正面
1297,_,很好,整体,正面
1298,_,还不错,整体,正面
1298,价格,很划算,价格,正面
1298,_,好评,整体,正面
1299,_,不错,整体,正面
1300,_,好评,整体,正面
1301,_,一点都不好用,整体,负面
1301,_,最差,整体,负面
1302,_,淡淡的,整体,正面
1302,香味,喜欢,气味,正面
1302,_,爱不释手,整体,正面
1303,_,还可以,整体,正面
1304,保湿效果,特好,功效,正面
1304,遮瑕效果,不错,功效,正面
1305,_,很好用,整体,正面
1305,_,好用,整体,正面
1306,价格,挺便宜,价格,正面
1307,_,还不错,整体,正面
1308,_,不错,整体,正面
1309,活动,不真实,价格,负面
1310,_,货真价实,整体,正面
1311,价格,超实惠的,价格,正面
1311,_,不错,整体,正面
1312,_,好用,整体,正面
1313,送货速度,快,物流,正面
1313,_,还好,整体,正面
1314,_,非常好,整体,正面
1315,液,_,物流,中性
1315,物流,很快,物流,正面
1315,包装,无破损,包装,正面
1318,_,很不错,整体,正面
1319,_,挺好,整体,正面
1320,补水效果,非常不错,功效,正面
1321,_,喜欢,整体,正面
1322,_,不错,整体,正面
1322,_,正不错,整体,正面
1323,_,不错,整体,正面
1323,美白效果,不是很好,功效,正面
1324,_,可以,整体,正面
1325,_,还不错,整体,正面
1326,_,非常不满意,整体,正面
1327,_,不,整体,负面
1328,_,还不错,整体,正面
1329,_,隔,整体,正面
1329,_,不错,整体,正面
1329,_,好用,整体,正面
1329,快递,更给力,物流,正面
1330,_,很不错,整体,正面
1330,_,便宜,整体,正面
1330,赠品,多,价格,正面
1331,_,很好,整体,正面
1332,_,很不错,整体,正面
1332,_,错,整体,正面
1332,_,棒棒哒,整体,正面
1333,味道,有点怪啊,气味,负面
1334,_,喜欢,整体,正面
1334,_,还不错,整体,正面
1334,_,好很好,整体,正面
1334,物流,快,物流,正面
1335,_,还不错,整体,正面
1336,_,很实惠,整体,正面
1337,包装,完好,包装,正面
1337,日期,比较新,包装,正面
1338,服,_,价格,中性
1338,务,很不错,服务,正面
1338,_,不错,整体,正面
1339,_,非常好,整体,正面
1339,_,便宜划算,整体,正面
1340,_,很喜欢,整体,正面
1341,_,不错,整体,正面
1342,_,非常好用,整体,正面
1342,_,不油腻,整体,正面
1342,_,好推开,整体,正面
1343,_,很好用,整体,正面
1343,_,不浮粉,整体,正面
1344,快递,超快,物流,正面
1345,包装,蛮好的,包装,正面
1345,_,好评,整体,正面
1346,_,好用,整体,正面
1346,_,真心的,整体,正面
1346,_,很服帖,整体,正面
1346,送货,快,物流,正面
1347,_,太给力了,整体,正面
1347,_,特别好闻,整体,正面
1348,包装,好差劲,包装,正面
1349,_,很好用,整体,正面
1349,_,易推开,整体,正面
1349,_,提亮肤色,整体,正面
1350,_,好好,整体,正面
1351,_,很滋润,整体,正面
1352,_,不错,整体,正面
1352,价格,合理,价格,正面
1353,_,非常卡粉,整体,正面
1353,_,不好用,整体,负面
1354,赠品,挺多的,价格,正面
1355,_,不错,整体,正面
1355,_,实,整体,正面
1355,_,好用,整体,正面
1355,_,特别便宜,整体,正面
1356,_,挺好的,整体,正面
1357,_,不错,整体,正面
1357,_,很舒服,整体,正面
1357,_,白些了,整体,正面
1357,_,美白,整体,正面
1358,_,很滋润,整体,正面
1358,_,肤色,整体,正面
1358,_,很自然,整体,正面
1359,_,很喜欢,整体,正面
1360,_,特别好用,整体,正面
1361,_,很好,整体,正面
1361,_,很好用,整体,正面
1362,物流,很快,物流,正面
1362,盒子,有点脏,包装,负面
1362,_,很润,整体,正面
1363,_,是正品,整体,正面
1363,_,很自然,整体,正面
1364,_,正品,整体,正面
1365,_,水润,整体,正面
1365,_,清凉,整体,正面
1365,_,正品,整体,正面
1365,_,不错,整体,正面
1366,_,会卡粉,整体,正面
1367,_,好用,整体,正面
1367,_,自然,整体,正面
1367,_,服帖,整体,正面
1367,_,实惠多了,整体,正面
1368,_,很优惠,整体,正面
1368,价格,很美丽,价格,正面
1368,_,很,整体,正面
1369,_,可以,整体,正面
1370,_,优惠,整体,正面
1370,_,多多,整体,正面
1370,_,非常满意,整体,正面
1371,_,很好用,整体,正面
1372,_,好用,整体,正面
1372,_,非常满意,整体,正面
1373,补水效果,特别好,功效,正面
1374,_,好装好,整体,正面
1374,_,不错,整体,正面
1375,_,很喜欢,整体,正面
1375,_,满意,整体,正面
1376,_,很好用,整体,正面
1376,精,_,物流,中性
1376,华液,很多,成分,正面
1376,_,很实惠,整体,正面
1377,_,清爽,整体,正面
1377,_,不油腻,整体,正面
1377,遮瑕效果,_,功效,中性
1378,_,还不错,整体,正面
1378,_,很喜欢,整体,正面
1379,_,特别滋润,整体,正面
1379,_,香香的,整体,正面
1379,_,都,整体,正面
1379,_,不厚重,整体,正面
1379,_,美白的,整体,正面
1379,_,果,整体,正面
1379,_,特别好用,整体,正面
1380,_,比较好用,整体,正面
1381,_,不油腻,整体,正面
1381,_,挺补水的,整体,正面
1381,_,滑滑的,整体,正面
1381,_,嫩嫩的,整体,正面
1382,_,不错,整体,正面
1382,_,好用,整体,正面
1382,_,超补水,整体,正面
1383,_,喜欢,整体,正面
1383,水,多滑溜溜,气味,正面
1383,价格,合适,价格,正面
1383,_,大爱,整体,正面
1384,_,很细腻,整体,正面
1385,_,不会油油,整体,负面
1385,_,觉紧绷,整体,负面
1386,_,可以,整体,正面
1386,香味,不是那,气味,负面
1386,_,冲,整体,负面
1386,_,新,整体,正面
1386,包装,不错,包装,正面
1387,_,很好,整体,正面
1388,_,很好用,整体,正面
1389,_,差不多,整体,负面
1390,_,不错,整体,正面
1391,快递,很快,物流,正面
1391,客服态度,很好,物流,正面
1392,包装,挺好的,包装,正面
1392,物流,很快,物流,正面
1392,_,不错,整体,正面
1393,_,不是正品,整体,正面
1393,_,挺好用的,整体,正面
1394,_,差评,整体,负面
1394,_,有,整体,负面
1395,_,还可以,整体,正面
1396,_,好不错,整体,正面
1396,_,喜欢,整体,正面
1396,价格,优,价格,正面
1397,包装,没有,包装,负面
1397,_,真假,整体,正面
1397,_,很难,整体,正面
1397,_,说,整体,负面
1398,价格,低,价格,正面
1398,_,还好用,整体,正面
1399,_,很好用,整体,正面
1399,_,不干,整体,正面
1399,_,提亮肤色,整体,正面
1400,_,很喜欢,整体,正面
1401,_,清爽,整体,正面
1401,_,不油腻,整体,正面
1402,_,可以,整体,正面
1403,价格,还不错,价格,正面
1404,_,没有那么好,整体,负面
1406,_,很不错,整体,正面
1406,活动,超级划算,价格,正面
1406,赠品,_,价格,中性
1407,_,好用,整体,正面
1408,_,很好用,整体,正面
1408,_,水水的,整体,正面
1409,_,不错,整体,正面
1409,包装,好看,包装,正面
1409,_,错,整体,正面
1410,发货,方便,物流,正面
1410,_,好评,整体,正面
1410,_,可爱,整体,正面
1411,_,还不错,整体,正面
1411,包邮,更好,物流,正面
1412,包装,太旧了,包装,负面
1413,_,物美价廉,整体,正面
1413,_,非常好,整体,正面
1413,_,有点过敏,整体,正面
1413,_,非,整体,正面
1413,_,好,整体,正面
1413,配送速度,特别快,物流,正面
1413,_,服...,整体,正面
1414,_,白沫,整体,负面
1414,_,不行,整体,负面
1415,_,太腻了,整体,负面
1416,_,好用,整体,正面
1416,_,不油腻,整体,正面
1416,价格,实惠,价格,正面
1417,_,是正品,整体,正面
1417,_,没有激素,整体,正面
1417,吸收,还不错,功效,正面
1417,_,好评,整体,正面
1417,_,哦,整体,正面
1418,_,还不错,整体,正面
1418,_,不卡粉,整体,正面
1418,价格,实惠,价格,正面
1419,快递,快,物流,正面
1420,_,还不错,整体,正面
1421,_,超爽,整体,正面
1421,_,挺喜欢的,整体,正面
1422,_,淡淡的,整体,正面
1422,香味,_,气味,中性
1422,泡,_,气味,中性
1422,沫,丰富,功效,正面
1423,包装,完好,包装,正面
1423,物流,很快,物流,正面
1424,_,白了一度,整体,正面
1424,快递小哥,_,物流,中性
1425,_,很好,整体,正面
1425,_,很,整体,正面
1425,_,欢,整体,正面
1425,_,很保湿,整体,正面
1426,_,不错,整体,正面
1426,送货速度,很快,物流,正面
1427,_,轻松一,整体,正面
1427,_,提亮肤色,整体,正面
1427,_,不卡粉,整体,正面
1427,_,很不错,整体,正面
1427,_,..,整体,正面
1428,包装,非常精美,包装,正面
1429,_,不错,整体,正面
1430,_,量,整体,正面
1430,_,很足,整体,正面
1430,精,_,物流,中性
1430,华液,很多,成分,正面
1430,_,水水的,整体,正面
1431,_,挺好用,整体,正面
1431,价格,美丽,价格,正面
1432,_,很好,整体,正面
1433,_,不会假白,整体,正面
1433,肤色,很好,功效,正面
1433,_,喜欢,整体,正面
1434,_,很好,整体,正面
1435,_,还行,整体,正面
1436,吸收,挺好,功效,正面
1436,_,很,整体,正面
1436,_,水嫩水嫩的,整体,正面
1437,_,很不错,整体,正面
1437,卸妆水效果,不错,功效,正面
1437,_,不刺激,整体,正面
1438,_,很舒适,整体,正面
1438,_,非常细腻,整体,正面
1439,_,好用,整体,正面
1439,_,不卡粉,整体,正面
1440,_,还行,整体,正面
1441,_,还可以,整体,正面
1442,_,不补水,整体,负面
1443,_,不错,整体,正面
1444,起,_,物流,中性
1444,泡,不是很多,功效,负面
1444,_,很温和,整体,正面
1444,快递运输,_,物流,中性
1445,_,好,整体,正面
1445,赠品,快,价格,正面
1445,_,给力,整体,正面
1446,_,很好用,整体,正面
1446,_,很显白,整体,正面
1446,_,特别好推开,整体,正面
1446,_,差不多,整体,正面
1446,_,好评,整体,正面
1446,送货,很快,物流,正面
1447,_,特别拔干,整体,正面
1448,格,便宜多了,价格,正面
1449,_,还不错,整体,正面
1450,_,很,整体,正面
1450,_,小,整体,负面
1451,_,很好,整体,正面
1451,物流,很给力,物流,正面
1452,_,很自然,整体,正面
1453,_,非常好用,整体,正面
1454,_,不错,整体,正面
1455,_,挺好的,整体,正面
1455,物流,快,物流,正面
1455,_,方便,整体,正面
1455,_,快捷,整体,正面
1456,_,不错,整体,正面
1456,_,挺好用的,整体,正面
1458,包装,不错,包装,正面
1459,_,还行,整体,正面
1460,_,不错,整体,正面
1460,味道,_,气味,中性
1461,_,非常好用,整体,正面
1462,_,挺好用的,整体,正面
1463,_,很好,整体,正面
1464,清洁能力,一般,功效,中性
1465,_,是正品,整体,正面
1466,_,很喜欢,整体,正面
1467,_,挺好用的,整体,正面
1468,_,五星,整体,正面
1468,_,好评,整体,正面
1469,味道,挺舒服的,气味,正面
1470,_,特别好用,整体,正面
1471,_,真的好,整体,正面
1472,_,相近,整体,正面
1472,_,简单易,整体,正面
1473,_,挺好的薄薄的,整体,正面
1474,_,很好,整体,正面
1474,_,很满意,整体,正面
1474,_,提高,整体,正面
1475,_,还可以,整体,正面
1475,赠品,可以,价格,正面
1476,_,很划算,整体,正面
1476,味道,好闻,气味,正面
1477,果,不错,功效,正面
1478,_,不紧绷了,整体,正面
1478,_,不再起,整体,负面
1478,_,皮,整体,负面
1478,_,挺舒服,整体,正面
1479,_,还行,整体,正面
1479,价格,变,价格,正面
1479,动,太快,价格,正面
1480,_,很好用,整体,正面
1480,卸妆,很干净,功效,正面
1480,_,温和,整体,正面
1480,_,不刺激,整体,正面
1481,_,不错,整体,正面
1482,_,还可以,整体,正面
1482,_,有点干,整体,负面
1483,_,挺好用的,整体,正面
1483,_,清爽,整体,正面
1483,_,不粘腻,整体,正面
1484,价格,便宜,价格,正面
1484,_,挺好的,整体,正面
1485,物流,很快,物流,正面
1485,快递小哥态度,很好,物流,正面
1485,_,很快,整体,正面
1486,_,特别好用,整体,正面
1487,_,往的好,整体,正面
1488,_,很好,整体,正面
1488,服务,特好,物流,正面
1489,_,很满意,整体,正面
1489,_,是正品,整体,正面
1489,活动,很划算,价格,正面
1490,_,超好用,整体,正面
1491,_,好用,整体,正面
1491,_,实惠,整体,正面
1492,_,不错,整体,正面
1492,_,很水润,整体,正面
1493,_,挺不错,整体,正面
1494,_,不错,整体,正面
1494,_,挺好用的,整体,正面
1494,_,很划算,整体,正面
1495,_,是正品,整体,正面
1495,到货,很快,物流,正面
1496,_,好评,整体,正面
1497,_,挺好,整体,正面
1498,_,不错,整体,正面
1499,_,挺好用的,整体,正面
1499,_,很方便,整体,正面
1500,_,挺好用的,整体,正面
1500,_,挺滋润的,整体,正面
1500,快递小哥服务态度,真的,物流,正面
1500,_,没得,整体,正面
1501,_,还不错,整体,正面
1502,_,不错,整体,正面
1502,_,很喜欢,整体,正面
1503,_,很好用,整体,正面
1504,_,非常好,整体,正面
1505,补水效果,不错,功效,正面
1505,价格,合理,价格,正面
1505,快递,给力,物流,正面
1506,快递,超快,物流,正面
1506,_,很满意,整体,正面
1506,优惠力度,_,价格,中性
1507,价格,有点小贵,价格,负面
1507,_,物有所,整体,正面
1508,_,补水的,整体,正面
1508,_,很好用,整体,正面
1509,_,很好用,整体,正面
1509,价格,不会很贵,价格,正面
1510,保湿一,般,功效,中性
1511,优惠,_,价格,中性
1511,活动,_,价格,中性
1511,价格,实惠,价格,正面
1512,发货速度,超快,物流,正面
1512,_,合适,整体,正面
1512,保湿效果,好,功效,正面
1513,_,还不错,整体,正面
1513,_,遮,整体,负面
1514,_,超级划算,整体,正面
1515,味道,很好闻,气味,正面
1516,清洁能力,干爽舒服,功效,正面
1517,_,好用,整体,正面
1517,_,不油腻,整体,正面
1517,_,很自然,整体,正面
1517,_,服帖,整体,正面
1518,清洁能力,很,功效,正面
1518,味道,挺好闻,气味,正面
1518,_,挺好用的,整体,正面
1518,_,好评,整体,正面
1519,_,不喜欢,整体,正面
1519,_,很紧绷,整体,正面
1519,味道,不好,气味,负面
1520,_,非常好,整体,正面
1521,_,挺不错的,整体,正面
1521,_,很细腻,整体,正面
1521,_,很自然,整体,正面
1522,_,很好用,整体,正面
1522,_,水嫩,整体,正面
1522,_,光泽,整体,正面
1522,_,不错,整体,正面
1522,活动,超,价格,正面
1523,_,挺好,整体,正面
1523,_,是正品,整体,正面
1524,_,不错,整体,正面
1524,活动,_,价格,中性
1526,活动,_,价格,中性
1526,价格,便宜,价格,正面
1526,_,很好用,整体,正面
1527,_,不错,整体,正面
1528,_,非常不错,整体,正面
1528,_,很喜欢,整体,正面
1529,_,很好,整体,正面
1529,物流,给了,物流,正面
1529,_,不错,整体,正面
1530,_,偏白,整体,负面
1531,_,挺好的,整体,正面
1531,精,_,物流,中性
1531,华液,很多,成分,正面
1532,_,还可以,整体,正面
1533,包装,完好,包装,正面
1533,_,差不多,整体,负面
1534,_,很喜欢,整体,正面
1534,_,不错,整体,正面
1535,成,安全,物流,正面
1535,补湿效果,还可以,功效,正面
1536,_,非常好用,整体,正面
1536,_,不紧绷,整体,正面
1537,_,很滋润,整体,正面
1537,_,很自然,整体,正面
1537,_,挺满意的,整体,正面
1538,送货,很快,物流,正面
1538,快递师傅,很耐心,物流,正面
1539,味道,不错,气味,正面
1539,_,很好闻,整体,正面
1540,_,不错,整体,正面
1540,_,给力,整体,正面
1541,_,伪劣,整体,正面
1541,_,品,整体,负面
1542,_,真好,整体,正面
1542,_,更快,整体,正面
1543,价格,很实惠,价格,正面
1543,_,不错,整体,正面
1544,_,还可以,整体,正面
1545,_,物美价廉,整体,正面
1546,_,不错,整体,正面
1546,_,物美价廉,整体,正面
1547,物流,很快,物流,正面
1548,_,好用,整体,正面
1548,_,挺好用的,整体,正面
1549,_,不错,整体,正面
1549,_,超级划算,整体,正面
1550,_,非常好用,整体,正面
1550,_,不,整体,正面
1550,_,服帖,整体,正面
1550,_,明显提亮肤色,整体,正面
1551,_,不错,整体,正面
1552,_,不错,整体,正面
1553,_,挺好的,整体,正面
1554,_,不错,整体,正面
1555,_,还可以,整体,正面
1556,_,还可以吧,整体,正面
1556,_,便宜,整体,正面
1557,_,温和的,整体,正面
1558,_,还不错,整体,正面
1558,_,很保湿,整体,正面
1558,价格,很实惠,价格,正面
1558,_,好评,整体,正面
1560,_,不错,整体,正面
1562,配送速度,很快,物流,正面
1563,_,还不错,整体,正面
1564,_,不错,整体,正面
1564,_,挺好,整体,正面
1565,_,很好上妆,整体,正面
1565,_,喜欢,整体,正面
1566,颜值,不错,包装,正面
1566,包装,_,包装,中性
1566,送货,快,物流,正面
1566,服务,_,物流,中性
1567,_,挺好用的,整体,正面
1568,_,好开心,整体,正面
1568,_,好评,整体,正面
1568,_,好评,整体,正面
1569,_,好,整体,正面
1569,物流,快,物流,正面
1570,味道,不是很喜欢,气味,负面
1571,_,挺不错,整体,正面
1572,_,特别好,整体,正面
1573,_,确实,整体,正面
1573,_,辣眼睛,整体,正面
1574,_,很满意,整体,正面
1574,快递小哥速度,杠杠滴,物流,正面
1574,度,不错,物流,正面
1575,_,挺补水的,整体,正面
1576,_,不好,整体,负面
1576,_,是,整体,负面
1576,_,真的吧,整体,负面
1577,_,很不错,整体,正面
1578,_,还可以,整体,正面
1578,_,是正品,整体,正面
1578,赠品,很多,价格,正面
1579,_,还不错,整体,正面
1580,_,保湿,整体,正面
1580,_,补水,整体,正面
1581,_,非常好,整体,正面
1581,_,绝对物超所值,整体,正面
1582,_,还不错,整体,正面
1582,_,方便快捷,整体,正面
1583,_,非常不错,整体,正面
1583,_,很明显效,整体,正面
1584,_,很实惠,整体,正面
1584,_,挺划算的,整体,正面
1585,_,挺好的,整体,正面
1585,_,还,整体,正面
1585,_,不错的,整体,正面
1585,_,比较水润,整体,正面
1585,_,不油腻,整体,正面
1585,_,很清爽,整体,正面
1586,_,非常好用,整体,正面
1587,_,非常棒,整体,正面
1587,_,嫩嫩,整体,正面
1588,气味,很好闻,气味,正面
1588,_,调,整体,正面
1588,肤色,白皙一些,功效,正面
1589,_,有点干,整体,负面
1589,_,还可以,整体,正面
1590,_,很喜欢,整体,正面
1590,味道,很淡,气味,正面
1590,_,不厚重,整体,正面
1590,价格,不贵,价格,正面
1590,_,有点,整体,正面
1590,_,淡淡的亮,整体,正面
1591,_,比较短,整体,正面
1591,保湿,还行,功效,正面
1591,_,没有浮粉,整体,正面
1592,卸妆,挺干净的,功效,正面
1592,_,满意,整体,正面
1593,_,还可以,整体,正面
1594,_,很划算,整体,正面
1594,_,补,整体,正面
1595,_,挺多的,整体,正面
1596,_,不过敏,整体,正面
1596,_,挺好的,整体,正面
1596,_,便宜,整体,正面
1597,精华,液,包装,负面
1597,_,有点小失望,整体,负面
1598,价格,美丽,价格,正面
1598,_,很温和,整体,正面
1599,价格,差不多,价格,正面
1599,_,还行,整体,正面
1600,价格,便宜,价格,正面
1600,性价比,一,价格,正面
1600,_,般,整体,中性
1601,_,不错,整体,正面
1601,_,自然,整体,正面
1601,遮瑕效果,不错,功效,正面
1601,_,好,整体,负面
1601,_,脱落,整体,负面
1602,流,_,物流,中性
1602,价格,便宜,价格,正面
1603,_,非常好,整体,正面
1603,_,非常滋润,整体,正面
1603,_,遮瑕,整体,正面
1603,_,淡淡的,整体,正面
1603,香味,_,气味,中性
1604,_,非常好用,整体,正面
1604,提亮效果,明显,功效,正面
1604,_,不卡粉,整体,正面
1604,_,特别服帖,整体,正面
1605,_,还行,整体,正面
1605,香味,淡些,气味,正面
1605,_,会,整体,正面
1605,_,更好,整体,正面
1606,快递,很快,物流,正面
1607,_,层小痘痘,整体,负面
1608,_,更滋润,整体,正面
1609,_,很好用,整体,正面
1609,_,很滋润,整体,正面
1610,设计,有问,包装,正面
1611,说,_,物流,中性
1611,水,挺多,功效,正面
1612,_,挺喜欢,整体,正面
1613,_,真心不错,整体,正面
1614,_,滋润,整体,正面
1614,_,服帖,整体,正面
1614,_,好可爱,整体,正面
1615,_,非常的不错,整体,正面
1615,_,淡淡的清香,整体,正面
1616,隔离效果,特别高,功效,正面
1616,_,很水润,整体,正面
1617,_,不错,整体,正面
1618,_,很不错,整体,正面
1618,_,很足,整体,正面
1618,出水,_,功效,中性
1618,口设计,很棒,物流,正面
1619,_,很好,整体,正面
1619,_,很热心,整体,正面
1619,_,入微,整体,正面
1620,_,还可以,整体,正面
1620,_,好小,整体,负面
1621,_,超级划算,整体,正面
1621,颜,_,气味,中性
1621,色,很自然,功效,正面
1621,_,喜欢,整体,正面
1622,_,很持久,整体,正面
1623,_,还不错的,整体,正面
1624,_,高大上,整体,正面
1624,_,很精致,整体,正面
1625,_,很好用,整体,正面
1626,清洁能力,一般般,功效,中性
1627,_,很好,整体,正面
1627,_,有所值,整体,正面
1628,_,那,整体,负面
1628,_,轻的,整体,负面
1628,_,不知,整体,负面
1628,_,是,整体,负面
1628,_,不是假的,整体,负面
1629,_,好用,整体,正面
1630,_,物超所值,整体,正面
1630,_,棒棒哒,整体,正面
1631,_,很好用,整体,正面
1631,_,很喜欢,整体,正面
1632,_,挺好用的,整体,正面
1633,_,好用的,整体,正面
1634,_,不喜欢,整体,正面
1634,_,口红颜色,整体,负面
1635,_,非常喜欢,整体,正面
1635,性价比,高,价格,正面
1636,_,好用,整体,正面
1636,_,滑滑的,整体,正面
1637,物流,超快,物流,正面
1638,_,非常好,整体,正面
1638,_,很满意,整体,正面
1638,_,不错,整体,正面
1638,物流,很快,物流,正面
1639,_,非常喜欢,整体,正面
1640,_,很便宜,整体,正面
1640,_,很划算,整体,正面
1641,_,好用,整体,正面
1642,_,超级棒,整体,正面
1642,_,超级棒,整体,正面
1642,_,补水,整体,正面
1643,_,好用,整体,正面
1643,_,不卡粉,整体,正面
1643,_,自然,整体,正面
1644,物流,快,物流,正面
1644,包装,好,包装,正面
1645,颜,_,气味,中性
1645,色,很好,功效,正面
1645,_,不觉得,整体,正面
1645,_,干,整体,负面
1646,物流,挺快的,物流,正面
1647,_,划算,整体,正面
1647,_,没礼物,整体,负面
1648,_,不错,整体,正面
1648,_,挺好用的,整体,正面
1649,_,很适合,整体,正面
1649,_,不卡粉,整体,正面
1650,_,非常好,整体,正面
1650,_,淡淡的香,整体,正面
1650,_,很喜欢,整体,正面
1651,_,好用,整体,正面
1651,_,特别喜欢,整体,正面
1652,性价比,很高,价格,正面
1652,_,很好用,整体,正面
1652,价格,超级优惠,价格,正面
1652,_,很满意,整体,正面
1653,_,很温和,整体,正面
1653,_,怕,整体,负面
1654,_,很好用,整体,正面
1655,_,不错,整体,正面
1655,_,很好用,整体,正面
1655,_,很亮,整体,正面
1655,_,很不,整体,正面
1656,_,真的不错,整体,正面
1657,_,便宜,整体,正面
1657,_,好用,整体,正面
1658,_,还行,整体,正面
1659,_,还可以,整体,正面
1659,价格,很实惠,价格,正面
1660,_,不补,整体,正面
1660,水效果,很棒,功效,正面
1661,_,不错,整体,正面
1661,价格,便宜,价格,正面
1661,_,相当不错,整体,正面
1662,_,好白哦,整体,正面
1662,_,太假面,整体,正面
1663,_,很棒,整体,正面
1663,_,绝对好用,整体,正面
1664,_,很保湿,整体,正面
1664,味道,很好闻,气味,正面
1664,_,不错,整体,正面
1665,_,保湿,整体,正面
1665,_,不错,整体,正面
1666,价格,实惠,价格,正面
1667,_,很舒服,整体,正面
1667,_,不紧绷,整体,正面
1667,_,不错的,整体,正面
1668,快递,很给力,物流,正面
1668,气味,很香,气味,正面
1669,_,不错,整体,正面
1669,_,不油腻,整体,正面
1669,_,润润的,整体,正面
1670,_,还不错,整体,正面
1670,_,不卡粉,整体,正面
1670,遮瑕效果,行,功效,正面
1671,_,不怎么白,整体,负面
1671,_,有点掉妆,整体,负面
1672,_,不好用,整体,负面
1672,酒精,_,气味,中性
1672,味道,特别大,气味,正面
1672,_,鼻,整体,正面
1673,补水效果,很好,功效,正面
1674,_,有点用,整体,负面
1675,_,不错,整体,正面
1675,质量,很好,物流,正面
1675,物流,快,物流,正面
1675,_,物美价廉,整体,正面
1675,服务,好,价格,正面
1676,_,好用,整体,正面
1676,性价比,高,价格,正面
1676,活动,很便宜,价格,正面
1677,_,不错,整体,正面
1677,_,挺漂亮的,整体,正面
1678,_,物美价廉,整体,正面
1678,_,真心好物,整体,正面
1679,优惠,_,价格,中性
1679,活动,_,价格,中性
1679,价格,不错,价格,正面
1679,_,掉,整体,负面
1680,发货,很快,物流,正面
1681,_,比较补水,整体,正面
1681,活动,_,价格,中性
1682,补水效果,很好,功效,正面
1683,_,很好用,整体,正面
1683,_,分量足,整体,正面
1683,_,还不错了,整体,正面
1684,_,特别满意,整体,正面
1685,_,很细腻,整体,正面
1685,_,很好,整体,正面
1685,_,很满意,整体,正面
1686,_,这么好用,整体,正面
1687,_,挺好的,整体,正面
1688,_,很好用,整体,正面
1689,补水,不错,功效,正面
1690,_,还不错,整体,正面
1692,_,挺香的,整体,正面
1692,包装,不错,包装,正面
1694,活动,自然服帖,价格,正面
1695,物流,很快的,物流,正面
1695,_,挺好用的,整体,正面
1695,_,好评,整体,正面
1696,补水效果,可以,功效,正面
1696,_,平价,整体,正面
1696,_,好用,整体,正面
1698,_,不错,整体,正面
1699,_,挺喜欢,整体,正面
1700,_,不贵,整体,正面
1701,_,补,整体,正面
1701,水,真的,功效,正面
1701,_,棒棒的,整体,正面
1702,_,很好,整体,正面
1702,_,非常补水,整体,正面
1702,_,保湿,整体,正面
1702,_,不错,整体,正面
1703,_,很好,整体,正面
1703,_,很光滑,整体,正面
1703,价格,实惠,价格,正面
1704,_,很好,整体,正面
1705,_,物有所值,整体,正面
1705,价钱,_,价格,中性
1705,活动,_,价格,中性
1706,_,好棒的,整体,正面
1706,快递,_,物流,中性
1707,_,很不错,整体,正面
1707,快递,很给力,物流,正面
1708,_,还不错,整体,正面
1708,_,挺好用的,整体,正面
1709,_,不好用,整体,负面
1710,包装,很好,包装,正面
1710,快递哥,很给力,物流,正面
1710,_,还可以,整体,正面
1711,_,很好用,整体,正面
1711,_,很干净,整体,正面
1711,_,不紧绷,整体,正面
1712,到货,很快,物流,正面
1713,_,卸,整体,正面
1713,妆,干净,功效,正面
1713,_,温和,整体,正面
1713,_,不刺激,整体,正面
1713,_,好用,整体,正面
1714,_,很喜欢,整体,正面
1715,_,好用,整体,正面
1715,_,超级好用,整体,正面
1717,快递小哥,很准时,物流,正面
1718,_,超级好用,整体,正面
1719,_,好评,整体,正面
1720,_,很好用,整体,正面
1720,_,美白的效果,整体,正面
1720,_,不干,整体,正面
1720,_,很自然,整体,正面
1721,_,很实惠,整体,正面
1722,_,不错,整体,正面
1722,_,很满意,整体,正面
1723,_,很自然的,整体,正面
1723,_,颜,整体,负面
1723,色,很值,功效,正面
1724,服务,不咋滴,物流,正面
1724,价格幅度,大,价格,正面
1725,_,好用,整体,正面
1725,_,好评,整体,正面
1726,_,不错,整体,正面
1726,物流,快,物流,正面
1726,服务态度,很好,物流,正面
1727,清洁能力,好用,功效,正面
1727,泡沫,_,功效,中性
1728,_,很不错,整体,正面
1729,_,还不错,整体,正面
1730,_,非常棒,整体,正面
1730,_,是正品,整体,正面
1730,价格,很,价格,负面
1730,_,奈斯,整体,正面
1732,_,不错,整体,正面
1733,_,很不错,整体,正面
1734,物流,很快,物流,正面
1735,_,好迷你,整体,正面
1736,_,很好,整体,正面
1736,价格,实惠,价格,正面
1736,_,很喜欢,整体,正面
1736,物流速度,很快,物流,正面
1736,_,赞一,整体,正面
1737,快递,太快了,物流,正面
1738,_,非常好,整体,正面
1738,_,非常光滑,整体,正面
1739,_,还不错,整体,正面
1739,补水效果,很好,功效,正面
1739,_,无刺激,整体,正面
1739,_,超赞,整体,正面
1740,物流,快,物流,正面
1740,价格,合适,价格,正面
1740,_,不错,整体,正面
1741,_,还可以,整体,正面
1741,_,遮暇,整体,正面
1742,_,美美,整体,正面
1742,_,好,整体,正面
1743,_,特别好用,整体,正面
1743,隔,不会差,功效,负面
1744,温和度,比较好,功效,正面
1744,_,比较干净,整体,正面
1744,_,挺好,整体,正面
1745,_,很好,整体,正面
1745,_,很满意,整体,正面
1746,_,喜欢,整体,正面
1746,_,很好用,整体,正面
1746,卸妆,干净,功效,正面
1746,_,还不紧绷,整体,正面
1747,_,很显白,整体,正面
1747,_,挺好,整体,正面
1748,_,还不错,整体,正面
1748,_,不紧绷,整体,正面
1749,_,粉扑卡脸,整体,正面
1750,_,挺好,整体,正面
1750,收纳,方便,物流,正面
1751,_,挺好用的,整体,正面
1751,_,比较细腻,整体,正面
1751,_,都,整体,正面
1751,_,不干燥,整体,正面
1751,味道,很好闻,气味,正面
1752,_,便宜,整体,正面
1753,_,挺好的,整体,正面
1754,_,不怎么样,整体,负面
1755,_,很好用,整体,正面
1756,_,很喜欢,整体,正面
1756,_,好舒服,整体,正面
1757,_,好,整体,正面
1758,_,太旧了,整体,负面
1758,客服,不回复,物流,负面
1758,调子,高的很,物流,正面
1759,_,很好,整体,正面
1759,_,不错,整体,正面
1759,_,很舒服,整体,正面
1759,_,好评,整体,正面
1760,_,很细润,整体,正面
1761,遮红,挺好,功效,正面
1761,_,挺自然,整体,正面
1762,_,太干了,整体,负面
1763,_,还不错,整体,正面
1763,_,不油腻,整体,正面
1764,_,还可以,整体,正面
1765,_,挺好的,整体,正面
1766,物流,给力,物流,正面
1766,_,很喜欢,整体,正面
1767,_,还好吧,整体,正面
1767,_,便宜,整体,正面
1767,物流,贼,物流,正面
1767,_,快,整体,正面
1768,包装,很可爱,包装,正面
1769,价格,合理,价格,正面
1769,赠品,_,价格,中性
1769,送货速度,很快,物流,正面
1770,_,很好,整体,正面
1770,_,很快,整体,正面
1771,清洁效,_,功效,中性
1771,清洁能力一般,以,功效,正面
1772,_,物美价廉,整体,正面
1772,_,非常满意,整体,正面
1772,补水效果,很好,功效,正面
1772,_,薄,整体,正面
1773,_,挺好使的,整体,正面
1773,泡沫,很多,功效,正面
1774,_,还行,整体,正面
1774,_,过敏了,整体,负面
1775,补水效果,很好,功效,正面
1776,_,挺好的,整体,正面
1777,_,不错,整体,正面
1777,_,很实惠,整体,正面
1777,包装,很完美,包装,正面
1778,包装,非常仔细,包装,正面
1778,_,实,整体,正面
1778,发货速度,非常快,物流,正面
1779,_,很好,整体,正面
1780,_,特别喜欢,整体,正面
1781,_,很舒服,整体,正面
1781,_,很柔滑,整体,正面
1781,_,刺,整体,负面
1781,_,很好,整体,正面
1782,送货速度,很快,物流,正面
1782,_,有点小贵,整体,负面
1783,_,不错,整体,正面
1783,_,很喜欢,整体,正面
1784,_,很好用,整体,正面
1784,_,遮暇,整体,正面
1784,_,棒棒的,整体,正面
1784,优惠,_,价格,中性
1784,活动,很划算,价格,正面
1784,发货,_,物流,中性
1784,送货速度,很快,物流,正面
1785,快递员服务,很好,物流,正面
1786,_,挺好用的,整体,正面
1786,_,很补水,整体,正面
1786,精,_,物流,中性
1786,华,_,成分,中性
1787,_,不错,整体,正面
1787,_,好,整体,正面
1787,物流,快,物流,正面
1788,_,特别舒服,整体,正面
1788,_,没有过敏现象,整体,正面
1788,_,不刺激,整体,正面
1788,_,欢,整体,正面
1788,_,很好,整体,正面
1789,包装,可以,包装,正面
1790,_,比较水润,整体,正面
1790,_,调整肤色,整体,正面
1790,_,比较自然,整体,正面
1791,_,蛮喜欢的,整体,正面
1791,_,别的毛,整体,负面
1792,物流,很快,物流,正面
1794,_,好痒,整体,正面
1794,_,过敏,整体,正面
1795,_,很好,整体,正面
1795,_,是正品,整体,正面
1796,_,补水,整体,正面
1796,_,美白,整体,正面
1796,_,保湿,整体,正面
1796,快递小哥服务态度,好,物流,正面
1796,_,很快,整体,正面
1797,_,挺好用的,整体,正面
1798,_,非常不错,整体,正面
1799,_,水水嫩嫩的,整体,正面
1800,_,太赞了,整体,正面
1800,优惠,_,价格,中性
1800,活动,_,价格,中性
1801,_,很好用,整体,正面
1801,_,挺薄的,整体,正面
1801,_,很水润,整体,正面
1802,_,不错,整体,正面
1802,赠品,_,价格,中性
1804,_,不错,整体,正面
1804,_,是正品,整体,正面
1804,物流,_,物流,中性
1805,_,挺好用的,整体,正面
1805,水口,太大,物流,负面
1805,_,不小,整体,负面
1806,包,挺好,包装,正面
1806,_,正品,整体,正面
1806,_,用,整体,正面
1807,_,一日,整体,正面
1807,_,既往的好,整体,正面
1808,_,是正品,整体,正面
1809,_,很好用,整体,正面
1809,_,滋润,整体,正面
1809,_,不油腻,整体,正面
1809,_,不紧绷,整体,正面
1809,_,喜欢,整体,正面
1810,_,挺好用的,整体,正面
1810,_,喜欢,整体,正面
1810,_,很自然,整体,正面
1811,_,不错,整体,正面
1811,_,湿,整体,正面
1812,_,很,整体,正面
1812,_,用,整体,正面
1812,_,特价,整体,正面
1812,_,好评,整体,正面
1813,_,很喜欢,整体,正面
1814,_,非常不错,整体,正面
1814,_,淡淡的,整体,正面
1814,香味,很自然,气味,正面
1815,_,特别实惠,整体,正面
1815,_,比较水润,整体,正面
1815,_,喜欢,整体,正面
1816,_,挺好用的,整体,正面
1816,隔离效果,超级棒,功效,正面
1816,赠品,比较完美,价格,正面
1817,_,不错,整体,正面
1817,颜,_,气味,中性
1817,色,很正,功效,正面
1818,_,不错,整体,正面
1818,发货,快,物流,正面
1819,_,贴,整体,正面
1819,肤,好用,功效,正面
1819,_,划算,整体,正面
1820,_,还是,整体,正面
1820,_,不错,整体,正面
1820,客,_,物流,中性
1820,服态度,很好,服务,正面
1820,_,很好满意,整体,正面
1821,_,效,整体,负面
1821,_,没有,整体,负面
1822,_,还可以,整体,正面
1823,包装,太简陋了,包装,负面
1824,_,给,整体,负面
1825,_,特别好用,整体,正面
1825,_,可以,整体,正面
1825,发货,特别快,物流,正面
1826,_,挺干净的,整体,正面
1827,_,还不错,整体,正面
1828,_,非常好用,整体,正面
1829,_,不错,整体,正面
1829,_,不错,整体,正面
1829,_,赞一个,整体,正面
1830,_,不怎么好用,整体,负面
1831,活动,_,价格,中性
1832,_,还不错,整体,正面
1833,_,挺好用,整体,正面
1833,_,很柔和,整体,正面
1833,_,不紧绷,整体,正面
1834,补水效果,不错,功效,正面
1835,_,不错,整体,正面
1835,_,是,整体,正面
1835,_,物美价廉,整体,正面
1837,_,很贴心,整体,正面
1837,_,多,整体,正面
1837,礼品,真的不错,价格,正面
1838,保湿,很好,功效,正面
1838,_,不干,整体,正面
1838,_,很润,整体,正面
1839,_,很好,整体,正面
1839,_,很保湿,整体,正面
1840,_,还不错,整体,正面
1841,_,很合适,整体,正面
1842,_,很快,整体,正面
1842,_,蛮好的,整体,正面
1843,精,_,物流,中性
1843,华,挺多的,成分,正面
1843,_,还不错,整体,正面
1844,_,不错,整体,正面
1844,颜,_,功效,中性
1844,镜,_,功效,中性
1845,_,挺好用的,整体,正面
1846,卸妆效果,差,功效,正面
1846,_,不,整体,正面
1846,_,能好评,整体,负面
1847,_,不好,整体,负面
1848,_,不错,整体,正面
1849,_,挺好用的,整体,正面
1849,_,正品,整体,正面
1850,物流速度,很快,物流,正面
1850,优惠,_,价格,中性
1851,_,不错,整体,正面
1852,_,不是粉质很重,整体,负面
1852,_,比较淡,整体,负面
1853,_,挺清爽的,整体,正面
1853,_,不油腻,整体,正面
1854,活动,好划算,价格,正面
1855,美白效果,还是有的,功效,正面
1856,_,不够好,整体,负面
1857,_,应,整体,正面
1857,_,不错,整体,正面
1857,_,好评,整体,正面
1858,_,是正品,整体,正面
1858,_,很好用,整体,正面
1859,_,不错,整体,正面
1859,_,很好用,整体,正面
1859,快递小哥,这么给力,物流,正面
1860,卸妆,很干净温,功效,正面
1860,_,和,整体,正面
1860,_,不刺激,整体,正面
1860,_,滑滑的,整体,正面
1860,_,舒服,整体,正面
1861,物流,很快,物流,正面
1862,物流,超快,物流,正面
1862,_,很好,整体,正面
1863,_,还不错,整体,正面
1864,_,满意,整体,正面
1865,赠品,挺好的,价格,正面
1866,_,很不错,整体,正面
1866,_,有,整体,正面
1866,增白,效,功效,正面
1866,果,_,功效,中性
1867,_,不错,整体,正面
1867,_,挺好用的,整体,正面
1867,_,干净,整体,正面
1867,_,不紧绷,整体,正面
1868,_,很好,整体,正面
1868,格,优惠,价格,正面
1868,送货,快,物流,正面
1868,_,炒鸡,整体,正面
1868,_,很满意,整体,正面
1869,_,很适合,整体,正面
1871,遮瑕,不是很好,功效,负面
1872,_,好用,整体,正面
1873,_,非常满意,整体,正面
1874,活动,很划算,价格,正面
1876,_,很好用,整体,正面
1876,_,嫩嫩,整体,正面
1877,_,很好,整体,正面
1877,_,很快,整体,正面
1878,_,粉质,整体,正面
1878,_,细腻,整体,正面
1878,_,服帖,整体,正面
1879,_,的,整体,正面
1879,_,滑滑的,整体,正面
1879,补水效果,可以,功效,正面
1880,_,挺好用的,整体,正面
1881,_,很实惠,整体,正面
1881,_,很满意,整体,正面
1881,速度,超快,物流,正面
1882,_,不错,整体,正面
1883,_,很喜欢,整体,正面
1883,_,一,整体,正面
1884,_,很自然,整体,正面
1884,_,很细腻,整体,正面
1884,_,不干,整体,正面
1884,_,不过敏,整体,正面
1884,_,真的不错,整体,正面
1885,_,特别好用,整体,正面
1885,_,可以,整体,正面
1885,发货,特别快,物流,正面
1888,_,还不错,整体,正面
1889,活动,_,价格,中性
1889,价格,还不错,价格,正面
1890,_,还不错,整体,正面
1891,_,好用,整体,正面
1892,_,清爽,整体,正面
1892,_,不油腻,整体,正面
1892,吸收,很快,功效,正面
1892,计,方便,包装,正面
1892,_,用,整体,正面
1892,美白,_,功效,中性
1893,_,非常好,整体,正面
1894,_,很好,整体,正面
1895,_,不紧绷,整体,正面
1896,服务态度,一点,物流,正面
1896,_,也不好,整体,负面
1896,_,过,整体,负面
1897,物流,好给力,物流,正面
1897,_,好喜欢,整体,正面
1898,_,不错,整体,正面
1899,_,还可以,整体,正面
1899,_,实惠,整体,正面
1900,_,挺不错的,整体,正面
1901,速度,简直,物流,正面
1901,_,太快了,整体,正面
1901,_,不错,整体,正面
1901,味道,挺好闻的,气味,正面
1902,_,还可以的,整体,正面
1903,泡沫,细腻,功效,正面
1903,_,柔软,整体,正面
1903,_,舒服,整体,正面
1903,包装,很好,包装,正面
1904,_,喜欢,整体,正面
1904,_,常好,整体,正面
1905,_,好用,整体,正面
1905,_,不紧绷,整体,正面
1906,_,比,整体,正面
1906,活动,更划算,价格,正面
1907,_,比较滋润,整体,正面
1907,_,没有干燥起皮,整体,正面
1908,_,不错,整体,正面
1908,颜色,比较自然,功效,正面
1909,补水效果,好,功效,正面
1909,_,不油腻,整体,正面
1909,_,好评,整体,正面
1910,_,挺好的,整体,正面
1911,包装,没有损坏,包装,负面
1913,_,不错,整体,正面
1913,味道,淡淡的,气味,正面
1913,_,挺好闻,整体,正面
1914,_,不错,整体,正面
1914,_,很喜欢,整体,正面
1915,_,非常容易,整体,正面
1915,_,不错,整体,正面
1916,送货速度,很快,物流,正面
1917,_,点,整体,负面
1917,_,不好用,整体,负面
1918,_,很服帖,整体,正面
1918,_,精华,整体,正面
1918,_,清爽不粘,整体,正面
1918,_,喜欢,整体,正面
1919,_,不错,整体,正面
1919,赠品,物美价廉,价格,正面
1920,_,不错,整体,正面
1921,_,很满意,整体,正面
1922,_,装,整体,负面
1923,_,挺水润的,整体,正面
1924,_,好用,整体,正面
1924,_,不过敏,整体,正面
1925,价格,非常实惠,价格,正面
1925,_,一千,整体,正面
1925,_,很舒服,整体,正面
1925,_,非,整体,正面
1925,_,喜,整体,正面
1926,_,还可以,整体,正面
1927,_,很好,整体,正面
1927,价格,非常实惠,价格,正面
1927,服务,非常热情,价格,正面
1927,_,点赞,整体,正面
1928,_,点,整体,负面
1928,_,不好用,整体,负面
1929,_,清爽,整体,正面
1929,_,不油腻,整体,正面
1929,_,很喜欢,整体,正面
1930,_,挺好的,整体,正面
1931,_,物美价廉,整体,正面
1931,_,货真价实,整体,正面
1931,_,五星好评,整体,正面
1932,_,还可以,整体,正面
1932,补水,还行,功效,正面
1933,_,超级划算,整体,正面
1933,_,很舒服,整体,正面
1933,_,赞赞,整体,正面
1934,_,一般,整体,中性
1934,精,_,包装,中性
1934,华,太少,成分,负面
1935,_,还不错,整体,正面
1935,_,还行,整体,正面
1936,_,不不错,整体,负面
1937,_,很不错,整体,正面
1938,_,超棒的,整体,正面
1939,_,不错,整体,正面
1940,活动,非常合算,价格,正面
1940,_,润润的,整体,正面
1941,活动,非常棒,价格,正面
1942,_,非常好,整体,正面
1943,包装,完好,包装,正面
1943,_,是正品,整体,正面
1944,_,非常好用,整体,正面
1945,_,倒霉,整体,负面
1946,_,很划算,整体,正面
1946,_,很舒服,整体,正面
1947,_,一般般,整体,中性
1947,_,很,整体,正面
1947,_,干,整体,负面
1947,_,抹不开,整体,负面
1947,_,不,整体,正面
1947,_,服帖,整体,负面
1948,_,不错,整体,正面
1948,包装,精美,包装,正面
1948,日期,新鲜,包装,正面
1948,遮瑕效,_,功效,中性
1949,_,还行,整体,正面
1950,泡沫,细腻丰富,功效,正面
1950,_,轻微紧绷感,整体,正面
1951,_,还不错,整体,正面
1951,价格,实惠,价格,正面
1952,赠品,_,价格,中性
1953,_,挺水润,整体,正面
1953,_,很喜欢,整体,正面
1954,_,很好用,整体,正面
1955,_,是正品,整体,正面
1956,香味,淡淡的,气味,正面
1956,_,蛮好,整体,正面
1956,_,不油腻,整体,正面
1956,_,有点增白效果,整体,正面
1957,保湿,_,功效,中性
1957,保湿效果,不错,功效,正面
1957,服务态度,很好,物流,正面
1957,发货速度,快,物流,正面
1957,_,很满意,整体,正面
1958,_,非常好用,整体,正面
1958,_,滋润,整体,正面
1958,_,保湿,整体,正面
1958,_,不过敏,整体,正面
1959,物流一,般,物流,中性
1959,快递盒,烂,物流,负面
1959,包,_,包装,中性
1960,快递,挺快的,物流,正面
1960,包装,很好,包装,正面
1960,快递员服务,_,物流,中性
1960,遮瑕效果,不很好,功效,正面
1962,_,不错,整体,正面
1962,赠品,好用,价格,正面
1962,_,很实惠,整体,正面
1963,_,还不错,整体,正面
1964,快递,是,物流,正面
1964,_,真快,整体,正面
1964,包装,有点简陋,包装,负面
1964,_,破损,整体,负面
1965,_,非常满意,整体,正面
1966,_,比较方便,整体,正面
1967,_,不太好用太干,整体,负面
1968,_,挺好的,整体,正面
1968,_,自然,整体,正面
1968,_,不显假,整体,正面
1969,优惠力度,很高,价格,正面
1969,_,很好用,整体,正面
1970,物流,好快,物流,正面
1971,_,蛮清爽的,整体,正面
1972,_,不会差,整体,负面
1973,_,很明显,整体,正面
1973,_,很自然,整体,正面
1973,道,很不错,气味,正面
1973,_,很清新,整体,正面
1973,_,很不错,整体,正面
1975,_,不错,整体,正面
1976,_,大,整体,负面
1976,味道,还行,气味,正面
1976,_,有点点白,整体,负面
1977,发货速度,很快,物流,正面
1978,活动,很实惠,价格,正面
1978,_,不错,整体,正面
1978,品,_,价格,中性
1979,_,很满意,整体,正面
1979,味道,不大,气味,正面
1979,_,喜欢,整体,正面
1979,_,很舒服,整体,正面
1979,_,很不错,整体,正面
1980,_,挺好用的,整体,正面
1980,_,比较服帖,整体,正面
1980,_,自然,整体,正面
1980,速度,很快,物流,正面
1980,_,好评,整体,正面
1981,_,还可以,整体,正面
1981,价格,优惠,价格,正面
1981,_,好评,整体,正面
1982,_,是正品,整体,正面
1983,_,超划算,整体,正面
1983,_,挺补水的,整体,正面
1984,_,挺好的,整体,正面
1984,遮瑕效果,不错,功效,正面
1984,肤色,提亮了,功效,正面
1984,_,多,整体,正面
1984,赠品,_,价格,中性
1985,活动,挺好用,价格,正面
1985,_,还不错,整体,正面
1985,_,很均匀,整体,正面
1985,_,小清香,整体,正面
1986,_,真的,整体,正面
1986,_,很滑,整体,正面
1987,_,挺好的,整体,正面
1988,_,非常好用,整体,正面
1988,价格,不贵,价格,正面
1989,_,很好用,整体,正面
1989,_,便宜,整体,正面
1990,_,好用,整体,正面
1990,_,好用,整体,正面
1990,_,好用,整体,正面
1991,_,提亮,整体,正面
1991,_,不脱妆,整体,正面
1991,性价比,高,价格,正面
1992,_,很适合,整体,正面
1993,_,好,整体,正面
1993,_,不持久,整体,正面
1993,味道,淡淡的,气味,正面
1993,_,还行,整体,正面
1994,_,很滋润,整体,正面
1994,_,不干,整体,正面
1994,_,还遮瑕,整体,正面
1995,_,特别喜欢,整体,正面
1995,_,凉凉的,整体,正面
1995,_,特别舒服,整体,正面
1995,_,不刺激,整体,正面
1996,_,是正品,整体,正面
1996,味道,淡淡的香,气味,正面
1996,味,很棒,气味,正面
1997,_,好,整体,正面
1998,_,好多,整体,正面
1998,_,好实惠,整体,正面
1999,物流,是,物流,负面
1999,_,还行,整体,正面
1999,_,不太好,整体,负面
1999,_,不合适,整体,负面
2000,_,挺不错,整体,正面
2001,_,非常好看,整体,正面
2001,_,不墙白,整体,正面
2001,颜色,自然,功效,正面
2001,外壳,好看,包装,正面
2002,_,好,整体,正面
2003,_,挺好的,整体,正面
2004,_,挺柔和的,整体,正面
2004,_,不刺激,整体,正面
2005,_,挺好用的,整体,正面
2005,保湿效果,很好,功效,正面
2006,_,凉凉的,整体,正面
2007,_,没,整体,负面
2007,_,这么好,整体,负面
2007,_,般,整体,中性
2007,_,般,整体,负面
2007,价格,_,价格,中性
2008,_,非常好用,整体,正面
2009,补水效果,不错,功效,正面
2010,_,很温和,整体,正面
2011,_,不错,整体,正面
2012,_,挺好的,整体,正面
2013,_,很锁水的,整体,正面
2013,_,不会腻,整体,正面
2014,_,蛮干净的,整体,正面
2014,_,推,整体,正面
2015,隔离效果,好,功效,正面
2015,_,滋润,整体,正面
2015,_,美白,整体,正面
2016,补水,保湿,功效,正面
2016,_,可以,整体,正面
2016,_,五星好评,整体,正面
2017,_,很,整体,正面
2017,_,差,整体,负面
2017,客服态度,不好,物流,负面
2017,_,有责任心,整体,负面
2018,_,不错,整体,正面
2019,_,不过敏,整体,正面
2019,味道,太浓了,气味,负面
2019,_,泡沫,整体,正面
2019,_,刺眼睛,整体,正面
2020,控油,特别好,功效,正面
2020,_,还不错,整体,正面
2021,_,很好,整体,正面
2022,_,物美价廉,整体,正面
2022,发货,很快,物流,正面
2022,_,五星好评,整体,正面
2023,_,挺好看用的,整体,正面
2024,，清,_,功效,中性
2024,效,果很不,功效,正面
2025,_,妆,整体,负面
2025,_,感,整体,负面
2025,_,有点厚,整体,负面
2026,洁面,一,功效,正面
2026,_,般般,整体,中性
2027,_,好补水,整体,正面
2027,_,还可以,整体,正面
2027,_,比较轻薄,整体,正面
2028,_,喜欢,整体,正面
2029,_,特别补水,整体,正面
2030,_,最适合,整体,正面
2030,_,细腻,整体,正面
2030,_,自然,整体,正面
2030,赠品,太好了,价格,正面
2031,_,挺好用的,整体,正面
2032,_,很温和,整体,正面
2032,_,还不错,整体,正面
2032,_,挺舒服的,整体,正面
2032,_,很划算,整体,正面
2032,_,超级实惠,整体,正面
2032,_,很好用,整体,正面
2033,_,非常好用,整体,正面
2033,活动,超级划算,价格,正面
2034,_,垃圾,整体,负面
2034,_,差评,整体,负面
2035,送货,特别快,物流,正面
2035,送,到家,物流,正面
2035,_,非常,整体,正面
2035,快递员,特别,物流,正面
2035,_,用,整体,正面
2035,_,太划算,整体,正面
2036,_,很不错,整体,正面
2036,_,实惠,整体,正面
2037,_,不错,整体,正面
2037,_,好用,整体,正面
2038,_,很不错,整体,正面
2038,味道,好,气味,正面
2039,肤色,均匀了,功效,正面
2039,_,些,整体,正面
2039,淡斑效果,_,功效,中性
2039,质,很轻薄,功效,正面
2040,_,是,整体,正面
2040,_,正品,整体,正面
2040,_,满意,整体,正面
2040,_,意,整体,正面
2041,物流,很快,物流,正面
2041,_,挺不错,整体,正面
2042,_,很给力,整体,正面
2043,价钱,挺好的,价格,正面
2044,_,臭味,整体,负面
2045,_,还不错,整体,正面
2046,_,真的快,整体,正面
2046,_,好用,整体,正面
2046,_,爆,整体,负面
2046,精华,特别多,包装,正面
2047,_,很喜欢,整体,正面
2047,_,淡淡的,整体,正面
2047,香味,涂,气味,正面
2047,_,不腻,整体,正面
2048,_,还行,整体,正面
2048,包装,还可以,包装,正面
2049,_,很自然,整体,正面
2049,_,白,整体,正面
2049,_,好假,整体,正面
2049,_,自然的美,整体,正面
2049,_,不错,整体,正面
2050,_,好用,整体,正面
2050,_,很服帖,整体,正面
2051,_,清爽,整体,正面
2051,_,正品,整体,正面
2052,_,发,整体,负面
2052,_,重,整体,负面
2053,_,挺好的,整体,正面
2054,优惠力度,搓泥,价格,负面
2055,_,好用,整体,正面
2055,_,便宜太多,整体,正面
2056,价格,实惠,价格,正面
2056,送货,快,物流,正面
2056,_,赞一个,整体,正面
2057,_,不错,整体,正面
2057,_,非常喜欢,整体,正面
2057,快递小哥服务,到位,物流,正面
2058,_,很清爽,整体,正面
2058,_,常,整体,正面
2059,味道,淡淡的清香,气味,正面
2060,味道,难闻,气味,负面
2061,_,挺好的,整体,正面
2062,_,过敏了,整体,负面
2062,_,那,整体,正面
2062,_,么,整体,负面
2062,_,好,整体,正面
2062,价格,_,价格,中性
2063,物流,相当快,物流,正面
2063,包装,精致,包装,正面
2063,_,一如既往的好,整体,正面
2064,_,好用,整体,正面
2064,_,特别,整体,正面
2064,_,湿润,整体,正面
2064,_,舒服,整体,正面
2064,_,弹力,整体,正面
2064,补水效果,没得说,功效,正面
2064,_,细致,整体,正面
2065,_,很好,整体,正面
2066,_,很,整体,正面
2066,_,少,整体,负面
2066,味道,勉,气味,正面
2066,_,可以,整体,正面
2066,_,正品,整体,正面
2067,_,难闻,整体,负面
2067,_,用,整体,负面
2067,_,好用,整体,负面
2068,_,好用,整体,正面
2069,_,过敏,整体,正面
2069,_,很严重,整体,正面
2069,_,红疹,整体,负面
2070,物流,超快,物流,正面
2070,_,是正品,整体,正面
2071,_,绝对的正品,整体,正面
2071,补水效果,很好,功效,正面
2071,_,刺激,整体,正面
2072,_,特别薄,整体,正面
2072,_,很服帖,整体,正面
2072,_,容量多,整体,正面
2072,香味,有点重,气味,负面
2073,包装,太差,包装,负面
2073,_,纸..,整体,负面
2074,_,有,整体,正面
2074,_,点,整体,负面
2074,遮瑕效果,很服帖,功效,正面
2074,_,挺遮毛孔的,整体,正面
2074,持妆效果,不错,功效,正面
2075,_,不错,整体,正面
2075,_,很喜欢,整体,正面
2076,_,还可以,整体,正面
2076,价格,合,价格,正面
2077,_,错,整体,正面
2077,_,还可以,整体,正面
2078,_,非常喜欢,整体,正面
2078,_,保湿,整体,正面
2078,_,很好,整体,正面
2078,遮暇效果,不错,功效,正面
2078,快递,很快,物流,正面
2078,_,好评,整体,正面
2079,_,挺好,整体,正面
2079,_,很划算,整体,正面
2080,_,很服帖,整体,正面
2080,_,淡紫,整体,正面
2080,_,很好看,整体,正面
2080,味道,香香的,气味,正面
2080,_,很不错,整体,正面
2081,_,很水润,整体,正面
2081,_,很服帖,整体,正面
2081,_,很划算,整体,正面
2082,_,还可以,整体,正面
2082,_,很好吸收,整体,正面
2082,子,很蠢,包装,正面
2083,_,蛮好的,整体,正面
2084,_,好评,整体,正面
2085,客,_,物流,中性
2085,服务,很好,物流,正面
2086,_,蛮好的,整体,正面
2087,_,还不错,整体,正面
2087,_,没有过敏,整体,正面
2088,_,很不错,整体,正面
2088,价格,适中,价格,正面
2088,_,很喜欢,整体,正面
2090,_,好用,整体,正面
2090,_,一,整体,正面
2090,_,般般,整体,中性
2090,_,了,整体,正面
2091,_,是正品,整体,正面
2091,_,挺滋润,整体,正面
2091,_,特别方便,整体,正面
2091,_,好的,整体,正面
2091,快递,非常快,物流,正面
2092,_,很好用,整体,正面
2093,_,是,整体,正面
2093,_,正品,整体,正面
2093,_,很好用,整体,正面
2094,_,好用,整体,正面
2094,_,非常喜欢,整体,正面
2095,_,挺好的,整体,正面
2096,_,很补水,整体,正面
2097,_,一如既往,整体,正面
2097,_,喜欢,整体,正面
2098,物流,很快,物流,正面
2098,_,很满意,整体,正面
2099,_,很不错,整体,正面
2099,_,容易抹开,整体,正面
2099,_,很喜欢,整体,正面
2100,_,很划算,整体,正面
2101,_,刺鼻的气,整体,负面
2101,味,不是正品,气味,负面
2102,包装,精美,包装,正面
2102,_,物美价廉,整体,正面
2102,_,非常值得,整体,正面
2103,_,很喜欢,整体,正面
2103,上妆,特别服帖,功效,正面
2103,物流,很快,物流,正面
2103,价格,实惠,价格,正面
2104,_,很,整体,正面
2105,_,很好用,整体,正面
2105,快递,很快,物流,正面
2105,_,正品,整体,正面
2106,_,还不错,整体,正面
2106,_,挺自然,整体,正面
2106,遮瑕,不太好,功效,负面
2107,活动价,划算,价格,正面
2109,_,不错,整体,正面
2109,计,太狗血,包装,正面
2109,_,难,整体,正面
2109,_,盖,整体,负面
2110,_,非常好,整体,正面
2110,快递速度,很快,物流,正面
2111,价格,比较便宜,价格,正面
2112,_,过敏,整体,负面
2112,_,太干了,整体,负面
2112,_,补水,整体,负面
2113,性价比,高,价格,正面
2113,_,很不错,整体,正面
2114,_,挺好的,整体,正面
2115,_,挺好的,整体,正面
2116,_,没什么效果,整体,负面
2116,_,有点刺痛,整体,负面
2117,包装,不好,包装,负面
2118,_,很好用,整体,正面
2118,_,很划算,整体,正面
2118,_,太满意,整体,正面
2119,补水效果,真的,功效,正面
2119,_,很不错,整体,正面
2120,_,好,整体,正面
2120,_,洗得干净,整体,正面
2120,泡沫,丰富,功效,正面
2120,_,不是特紧绷,整体,正面
2120,物流,快,物流,正面
2120,_,好评,整体,正面
2121,_,超级好用,整体,正面
2121,_,非常保湿,整体,正面
2121,_,特别好,整体,正面
2121,_,大爱,整体,正面
2122,_,还可以,整体,正面
2123,_,好用,整体,正面
2123,_,不紧绷,整体,正面
2123,_,很舒服,整体,正面
2124,_,不错,整体,正面
2124,_,很好,整体,正面
2125,_,是正品,整体,正面
2125,补水效果,很好,功效,正面
2126,赠品,开,价格,负面
2127,_,好用,整体,正面
2128,_,不错,整体,正面
2128,_,不会过敏,整体,正面
2128,_,比较适合,整体,正面
2128,价格,不贵,价格,正面
2129,清洁度,中等,功效,正面
2129,_,很柔和舒服,整体,正面
2129,_,很OK,整体,正面
2130,_,非常好,整体,正面
2131,_,很好,整体,正面
2131,_,很补水,整体,正面
2133,服务态度,很好,物流,正面
2133,_,很好,整体,正面
2134,包装,完好,包装,正面
2134,_,很好用,整体,正面
2135,活动,特别划算,价格,正面
2135,补水效果,不错,功效,正面
2136,_,很棒,整体,正面
2136,物流,很快,物流,正面
2136,_,棒哒,整体,正面
2137,_,很喜欢,整体,正面
2137,_,提肤色,整体,正面
2137,_,很自然,整体,正面
2137,香味,优然,气味,正面
2137,物流,超快,物流,正面
2137,_,给好评,整体,正面
2138,_,喜欢得,整体,正面
2138,_,得了,整体,正面
2139,_,比较信,整体,正面
2140,物流,很快,物流,正面
2140,_,不错,整体,正面
2141,_,还不错,整体,正面
2141,_,干,整体,负面
2142,_,温和,整体,正面
2142,_,很好用,整体,正面
2143,补水效果,非常好,功效,正面
2144,物流,很快,物流,正面
2144,_,还不错,整体,正面
2145,_,不错,整体,正面
2145,速度,很快,物流,正面
2146,包装,不错,包装,正面
2147,_,非常好,整体,正面
2147,保湿,好,功效,正面
2147,_,贴皮肤,整体,正面
2148,_,超级贴心的,整体,正面
2148,_,淡淡的,整体,正面
2148,香味,蛮保湿的,气味,正面
2148,_,很好,整体,正面
2149,活动,最合适,价格,正面
2149,_,特别好,整体,正面
2150,包装,挺好的,包装,正面
2151,_,很好用,整体,正面
2151,_,好,整体,正面
2152,_,很好用,整体,正面
2152,补水效果,超好,功效,正面
2153,_,很好,整体,正面
2155,_,很好用,整体,正面
2156,包装,不太好,包装,负面
2156,快递服务态度,很好,物流,正面
2157,物流,给力,物流,正面
2157,_,很喜欢,整体,正面
2158,补水效果,很好,功效,正面
2158,_,没有不适反,整体,正面
2159,小哥,棒棒,物流,正面
2160,_,香香的,整体,正面
2160,_,很好拍开,整体,正面
2161,_,太香了,整体,负面
2162,_,非常好,整体,正面
2162,价钱,给力,价格,正面
2162,_,还优惠,整体,正面
2162,_,放,整体,正面
2162,_,惠,整体,正面
2163,补水,很补水,功效,正面
2164,_,非常好用,整体,正面
2165,味道,太刺鼻,气味,负面
2165,_,没有泡沫,整体,负面
2165,_,不好,整体,负面
2166,_,香香的,整体,正面
2166,_,很细腻,整体,正面
2166,_,滑滑的,整体,正面
2166,_,很舒服,整体,正面
2167,_,不错,整体,正面
2167,_,很实惠,整体,正面
2168,_,不太好洗,整体,负面
2168,_,滑滑,整体,正面
2168,_,的,整体,负面
2168,_,没洗干,整体,负面
2168,_,净,整体,正面
2169,_,还可以,整体,正面
2170,快递,真,物流,正面
2170,_,好快,整体,正面
2171,_,快,整体,正面
2172,价格,没差别,价格,负面
2173,_,怪,整体,正面
2173,味道,还可以,气味,正面
2174,_,不错,整体,正面
2175,_,般,整体,中性
2175,_,不干净,整体,正面
2176,_,超,整体,正面
2176,_,超级好,整体,正面
2177,_,不怎么好,整体,负面
2177,_,不方便,整体,负面
2177,颜,_,气味,中性
2177,色,不是很自然,功效,负面
2178,_,颜,整体,负面
2178,_,不符合,整体,负面
2178,_,还行,整体,正面
2179,_,油腻感,整体,负面
2179,延展性,很好,功效,正面
2179,气味,不太好闻,气味,负面
2180,_,很好用,整体,正面
2181,_,很好用,整体,正面
2181,_,好评,整体,正面
2182,_,挺便宜,整体,正面
2183,物流,好快,物流,正面
2184,_,还可以,整体,正面
2185,_,挺好的,整体,正面
2186,_,还可以,整体,正面
2187,物流,快,物流,正面
2187,_,正品,整体,正面
2188,包装盒,还行,包装,正面
2189,快递,快,物流,正面
2189,送货,到家,物流,正面
2190,隔,_,气味,中性
2190,香味,很喜欢,气味,正面
2190,_,很淡,整体,正面
2191,活动,挺划算,价格,正面
2191,_,太慢,整体,负面
2192,发货,很快,物流,正面
2193,_,很好用,整体,正面
2194,包装,好,包装,正面
2194,物流,快,物流,正面
2194,_,不卡粉,整体,正面
2194,_,很润,整体,正面
2194,_,很满意,整体,正面
2195,_,合,整体,正面
2196,味道,好闻,气味,正面
2197,_,不是太好用,整体,负面
2198,发货,快,物流,正面
2198,包装,好看,包装,正面
2198,_,满意,整体,正面
2199,_,很划算,整体,正面
2200,_,还可以,整体,正面
2201,_,很好,整体,正面
2202,包装一,般,包装,中性
2202,_,很精致,整体,正面
2202,_,是,整体,负面
2202,_,不是很好,整体,负面
2204,_,有泡沫,整体,正面
2204,_,不细腻,整体,正面
2204,味道,还行,气味,正面
2205,_,没过敏,整体,正面
2205,补水,还可以,功效,正面
2205,_,不错,整体,正面
2206,_,不错,整体,正面
2206,_,挺好,整体,正面
2206,_,温和,整体,正面
2206,_,不刺激,整体,正面
2206,_,不错,整体,正面
2207,_,非常棒,整体,正面
2208,活动,很便宜,价格,正面
2208,性价比,挺高的,价格,正面
2209,_,还行,整体,正面
2209,价格,不贵,价格,正面
2209,_,经济,整体,正面
2209,_,实惠,整体,正面
2210,_,一直不错,整体,正面
2210,_,不会太白很自然,整体,正面
2211,_,喜欢,整体,正面
2211,_,超级喜,整体,正面
2212,_,便宜点,整体,正面
2213,_,超级棒,整体,正面
2213,补水效果,挺不错,功效,正面
2214,物流,挺快的,物流,正面
2214,_,还不错,整体,正面
2214,_,挺舒服的,整体,正面
2215,_,好用,整体,负面
2215,包装,不好看,包装,负面
2216,_,挺好的,整体,正面
2216,_,细腻,整体,正面
2216,_,顺滑,整体,正面
2216,_,有光泽,整体,正面
2216,赠品,不错,价格,正面
2217,_,超划算,整体,正面
2217,_,很好,整体,正面
2218,_,不错,整体,正面
2219,_,特,整体,正面
2219,_,特别好用,整体,正面
2219,_,非常满意,整体,正面
2220,_,改善,整体,负面
2220,_,耐心,整体,正面
2221,补水效果,很好,功效,正面
2222,_,偏干,整体,负面
2222,_,不润,整体,正面
2223,_,挺好,整体,正面
2223,_,挺适合,整体,正面
2224,清洁效果,可以,功效,正面
2224,_,比较优惠些,整体,正面
2225,_,一般一般,整体,中性
2225,价格,_,价格,中性
2227,_,不错,整体,正面
2227,_,好评,整体,正面
2228,_,挺好的,整体,正面
2229,隔,_,功效,中性
2229,离,_,包装,中性
2229,包装,很好,包装,正面
2229,_,棒棒哒,整体,正面
2229,_,好,整体,正面
2229,_,是,整体,正面
2229,_,正品,整体,正面
2230,活动,划算,价格,正面
2231,_,很细腻,整体,正面
2231,_,不是太白,整体,负面
2231,_,有点少,整体,负面
2232,物流,超快,物流,正面
2232,_,很好用,整体,正面
2233,_,挺显白的,整体,正面
2234,_,很不错,整体,正面
2234,_,容易推开,整体,正面
2234,_,改善肤色,整体,正面
